騎手,騎乗数,勝利数,複勝数,騎手_勝率,騎手_複勝率,騎手_key,騎手_芝_勝率,騎手_芝_騎乗数,騎手_ダート_勝率,騎手_ダート_騎乗数
アスムッ,56,6,19,0.1071428571428571,0.3392857142857143,アスムッ,0.075,40.0,0.1875,16.0
アッゼニ,202,16,49,0.0792079207920792,0.2425742574257425,アッゼニ,0.06779661016949153,118.0,0.09523809523809523,84.0
アハーン,2,0,0,0.0,0.0,アハーン,,,0.0,2.0
アプ,2,0,0,0.0,0.0,アプ,0.0,2.0,,
アラン,4,0,0,0.0,0.0,アラン,0.0,4.0,,
アルカシ,2,0,0,0.0,0.0,アルカシ,0.0,1.0,0.0,1.0
アン,2,0,0,0.0,0.0,アン,0.0,1.0,0.0,1.0
アングラ,3,0,0,0.0,0.0,アングラ,0.0,2.0,0.0,1.0
アントレ,3,1,1,0.3333333333333333,0.3333333333333333,アントレ,0.3333333333333333,3.0,,
アヴドゥ,172,22,60,0.127906976744186,0.3488372093023256,アヴドゥ,0.14414414414414414,111.0,0.09836065573770492,61.0
アーゲリ,4,0,0,0.0,0.0,アーゲリ,0.0,4.0,,
イネス,109,4,19,0.036697247706422,0.1743119266055046,イネス,0.04477611940298507,67.0,0.023809523809523808,42.0
イム,1,0,0,0.0,0.0,イム,0.0,1.0,,
ウィリア,870,89,263,0.1022988505747126,0.3022988505747126,ウィリア,0.09980430528375733,511.0,0.10584958217270195,359.0
ウィルキ,4,0,1,0.0,0.25,ウィルキ,0.0,4.0,,
ウィルソ,4,0,1,0.0,0.25,ウィルソ,0.0,4.0,,
ウィーバ,8,0,2,0.0,0.25,ウィーバ,0.0,6.0,0.0,2.0
ウェルズ,1,0,0,0.0,0.0,ウェルズ,0.0,1.0,,
ウォルシ,6,1,1,0.1666666666666666,0.1666666666666666,ウォルシ,0.16666666666666666,6.0,,
ウォルス,10,0,1,0.0,0.1,ウォルス,0.0,9.0,0.0,1.0
ウォーカ,4,0,0,0.0,0.0,ウォーカ,0.0,3.0,0.0,1.0
ウッドバ,2,0,0,0.0,0.0,ウッドバ,0.0,2.0,,
ウッドワ,2,0,0,0.0,0.0,ウッドワ,0.0,2.0,,
ウー,5,0,2,0.0,0.4,ウー,0.0,4.0,0.0,1.0
エスピノ,47,6,15,0.1276595744680851,0.3191489361702128,エスピノ,0.11764705882352941,34.0,0.15384615384615385,13.0
エスポジ,178,11,38,0.0617977528089887,0.2134831460674157,エスポジ,0.05128205128205128,117.0,0.08196721311475409,61.0
エデリー,50,5,11,0.1,0.22,エデリー,0.10204081632653061,49.0,0.0,1.0
エノン,7,0,2,0.0,0.2857142857142857,エノン,0.0,7.0,,
エバンス,4,1,2,0.25,0.5,エバンス,0.25,4.0,,
オサリバ,61,5,12,0.081967213114754,0.1967213114754098,オサリバ,0.06,50.0,0.18181818181818182,11.0
オドノヒ,107,10,31,0.0934579439252336,0.2897196261682243,オドノヒ,0.05,60.0,0.14893617021276595,47.0
オリヴァ,245,22,76,0.0897959183673469,0.310204081632653,オリヴァ,0.09333333333333334,150.0,0.08421052631578947,95.0
オールプ,181,7,31,0.0386740331491712,0.1712707182320442,オールプ,0.030303030303030304,99.0,0.04878048780487805,82.0
カステリ,14,0,1,0.0,0.0714285714285714,カステリ,0.0,7.0,0.0,7.0
カデール,2,0,0,0.0,0.0,カデール,0.0,1.0,0.0,1.0
カベル,1,0,0,0.0,0.0,カベル,0.0,1.0,,
カラン,2,0,0,0.0,0.0,カラン,0.0,2.0,,
カーソン,13,2,3,0.1538461538461538,0.2307692307692307,カーソン,0.18181818181818182,11.0,0.0,2.0
カーベリ,1,0,0,0.0,0.0,カーベリ,0.0,1.0,,
カーモデ,6,0,1,0.0,0.1666666666666666,カーモデ,0.0,5.0,0.0,1.0
ガウチ,6,0,1,0.0,0.1666666666666666,ガウチ,0.0,6.0,,
ガルシア,13,2,3,0.1538461538461538,0.2307692307692307,ガルシア,0.0,8.0,0.4,5.0
キネーン,108,8,21,0.074074074074074,0.1944444444444444,キネーン,0.05747126436781609,87.0,0.14285714285714285,21.0
キム,9,2,3,0.2222222222222222,0.3333333333333333,キム,0.2857142857142857,7.0,0.0,2.0
キャシデ,17,2,3,0.1176470588235294,0.1764705882352941,キャシデ,0.125,16.0,0.0,1.0
キャラハ,1,0,0,0.0,0.0,キャラハ,0.0,1.0,,
キャロウ,1,0,0,0.0,0.0,キャロウ,0.0,1.0,,
キャンベ,5,0,0,0.0,0.0,キャンベ,0.0,4.0,0.0,1.0
キング,1,0,0,0.0,0.0,キング,0.0,1.0,,
キングズ,1,0,0,0.0,0.0,キングズ,0.0,1.0,,
ギャラウ,5,1,1,0.2,0.2,ギャラウ,0.2,5.0,,
ギュイヨ,58,2,17,0.0344827586206896,0.293103448275862,ギュイヨ,0.06896551724137931,29.0,0.0,29.0
クィン,4,0,1,0.0,0.25,クィン,0.0,4.0,,
クウィリ,64,2,8,0.03125,0.125,クウィリ,0.06666666666666667,30.0,0.0,34.0
クラスト,316,22,53,0.0696202531645569,0.1677215189873417,クラスト,0.1267605633802817,142.0,0.022988505747126436,174.0
クラーク,14,1,3,0.0714285714285714,0.2142857142857142,クラーク,0.09090909090909091,11.0,0.0,3.0
クリッパ,2,0,0,0.0,0.0,クリッパ,0.0,1.0,0.0,1.0
クリンゲ,1,0,0,0.0,0.0,クリンゲ,0.0,1.0,,
クルホー,2,0,1,0.0,0.5,クルホー,0.0,2.0,,
クルーズ,16,1,1,0.0625,0.0625,クルーズ,0.07142857142857142,14.0,0.0,2.0
クロップ,189,16,43,0.0846560846560846,0.2275132275132275,クロップ,0.09016393442622951,122.0,0.07462686567164178,67.0
クローン,15,2,4,0.1333333333333333,0.2666666666666666,クローン,0.09090909090909091,11.0,0.25,4.0
グティエ,6,0,0,0.0,0.0,グティエ,0.0,2.0,0.0,4.0
グリーン,2,0,0,0.0,0.0,グリーン,0.0,2.0,,
グーチェ,2,0,1,0.0,0.5,グーチェ,0.0,2.0,,
ケイシー,3,0,2,0.0,0.6666666666666666,ケイシー,0.0,3.0,,
コア,1,0,0,0.0,0.0,コア,,,0.0,1.0
コクレー,9,0,2,0.0,0.2222222222222222,コクレー,0.0,9.0,,
コッター,2,0,0,0.0,0.0,コッター,0.0,2.0,,
コレット,13,1,1,0.0769230769230769,0.0769230769230769,コレット,0.08333333333333333,12.0,0.0,1.0
コントレ,55,2,10,0.0363636363636363,0.1818181818181818,コントレ,0.07407407407407407,27.0,0.0,28.0
コーエン,1,0,0,0.0,0.0,コーエン,0.0,1.0,,
コーセン,8,1,4,0.125,0.5,コーセン,0.125,8.0,,
コーツィ,6,1,2,0.1666666666666666,0.3333333333333333,コーツィ,0.2,5.0,0.0,1.0
コート,1,1,1,1.0,1.0,コート,,,1.0,1.0
ゴメス,14,1,3,0.0714285714285714,0.2142857142857142,ゴメス,0.125,8.0,0.0,6.0
ゴンボー,1,0,0,0.0,0.0,ゴンボー,0.0,1.0,,
ゴール,1,0,0,0.0,0.0,ゴール,0.0,1.0,,
サプル,7,0,0,0.0,0.0,サプル,0.0,6.0,0.0,1.0
サミン,3,0,1,0.0,0.3333333333333333,サミン,0.0,3.0,,
サンダー,171,11,36,0.0643274853801169,0.2105263157894736,サンダー,0.05263157894736842,57.0,0.07017543859649122,114.0
サンチェ,124,14,42,0.1129032258064516,0.3387096774193548,サンチェ,0.11940298507462686,67.0,0.10526315789473684,57.0
サントス,63,4,14,0.0634920634920634,0.2222222222222222,サントス,0.09302325581395349,43.0,0.0,20.0
サンマル,23,1,4,0.0434782608695652,0.1739130434782608,サンマル,0.0,16.0,0.14285714285714285,7.0
ザーラ,1,0,0,0.0,0.0,ザーラ,0.0,1.0,,
シャヴェ,6,1,2,0.1666666666666666,0.3333333333333333,シャヴェ,0.16666666666666666,6.0,,
シュタル,977,87,282,0.0890481064483111,0.2886386898669396,シュタル,0.10412926391382406,557.0,0.06904761904761905,420.0
シュミノ,238,23,61,0.0966386554621848,0.2563025210084033,シュミノ,0.10638297872340426,141.0,0.08247422680412371,97.0
シューメ,4,0,0,0.0,0.0,シューメ,0.0,4.0,,
シン,5,0,0,0.0,0.0,シン,0.0,4.0,0.0,1.0
ジャルネ,37,1,8,0.027027027027027,0.2162162162162162,ジャルネ,0.03125,32.0,0.0,5.0
ジュマト,4,0,1,0.0,0.25,ジュマト,0.0,4.0,,
ジレ,8,0,2,0.0,0.25,ジレ,0.0,6.0,0.0,2.0
スウィン,5,0,1,0.0,0.2,スウィン,0.0,5.0,,
スコット,10,3,7,0.3,0.7,スコット,0.3,10.0,,
スコフィ,9,0,0,0.0,0.0,スコフィ,0.0,7.0,0.0,2.0
スタイン,1,0,0,0.0,0.0,スタイン,0.0,1.0,,
スターキ,2,1,2,0.5,1.0,スターキ,0.5,2.0,,
スチュワ,6,1,2,0.1666666666666666,0.3333333333333333,スチュワ,0.16666666666666666,6.0,,
スティー,31,3,7,0.0967741935483871,0.2258064516129032,スティー,0.125,24.0,0.0,7.0
スペンサ,7,0,0,0.0,0.0,スペンサ,0.0,7.0,,
スボリク,6,0,0,0.0,0.0,スボリク,0.0,4.0,0.0,2.0
スボリッ,390,26,86,0.0666666666666666,0.2205128205128205,スボリッ,0.0684931506849315,219.0,0.06432748538011696,171.0
スマレン,18,1,3,0.0555555555555555,0.1666666666666666,スマレン,0.06666666666666667,15.0,0.0,3.0
スミス,27,2,5,0.074074074074074,0.1851851851851851,スミス,0.10526315789473684,19.0,0.0,8.0
スミヨン,357,64,149,0.1792717086834734,0.4173669467787115,スミヨン,0.21333333333333335,225.0,0.12121212121212122,132.0
スリブー,2,0,0,0.0,0.0,スリブー,0.0,2.0,,
セラーズ,11,1,2,0.0909090909090909,0.1818181818181818,セラーズ,0.0,10.0,1.0,1.0
ソト,122,16,39,0.1311475409836065,0.319672131147541,ソト,0.10588235294117647,85.0,0.1891891891891892,37.0
ソリス,4,0,0,0.0,0.0,ソリス,0.0,3.0,0.0,1.0
ソレンソ,1,0,0,0.0,0.0,ソレンソ,,,0.0,1.0
ソーント,16,3,7,0.1875,0.4375,ソーント,0.1875,16.0,,
タム,2,0,0,0.0,0.0,タム,0.0,2.0,,
タラモ,4,0,0,0.0,0.0,タラモ,0.0,2.0,0.0,2.0
ターナー,4,1,1,0.25,0.25,ターナー,0.25,4.0,,
ダイ,12,0,3,0.0,0.25,ダイ,0.0,12.0,,
ダシルヴ,6,1,2,0.1666666666666666,0.3333333333333333,ダシルヴ,0.25,4.0,0.0,2.0
ダフィー,3,0,0,0.0,0.0,ダフィー,0.0,3.0,,
ダン,1,0,0,0.0,0.0,ダン,0.0,1.0,,
ダーデン,13,3,4,0.2307692307692307,0.3076923076923077,ダーデン,0.23076923076923078,13.0,,
ダーレイ,4,0,1,0.0,0.25,ダーレイ,0.0,4.0,,
チェン,2,1,1,0.5,0.5,チェン,0.0,1.0,1.0,1.0
チャドウ,6,0,0,0.0,0.0,チャドウ,0.0,3.0,0.0,3.0
チャベス,1,0,0,0.0,0.0,チャベス,0.0,1.0,,
チョクセ,2,0,0,0.0,0.0,チョクセ,0.0,2.0,,
チョン,1,0,0,0.0,0.0,チョン,0.0,1.0,,0.0
チン,9,2,3,0.2222222222222222,0.3333333333333333,チン,0.125,8.0,1.0,1.0
ツェ,5,1,2,0.2,0.4,ツェ,0.2,5.0,,
ティザー,1,0,0,0.0,0.0,ティザー,0.0,1.0,,
ティータ,83,8,17,0.0963855421686747,0.2048192771084337,ティータ,0.1016949152542373,59.0,0.08333333333333333,24.0
テュリエ,18,0,1,0.0,0.0555555555555555,テュリエ,0.0,11.0,0.0,7.0
テリアン,1,0,0,0.0,0.0,テリアン,0.0,1.0,,
ディット,5,1,3,0.2,0.6,ディット,0.2,5.0,,
ディレマ,4,0,0,0.0,0.0,ディレマ,0.0,4.0,,
デイ,33,0,11,0.0,0.3333333333333333,デイ,0.0,28.0,0.0,5.0
デザーモ,594,121,283,0.2037037037037037,0.4764309764309764,デザーモ,0.23209169054441262,349.0,0.16326530612244897,245.0
デットー,105,24,50,0.2285714285714285,0.4761904761904761,デットー,0.23684210526315788,76.0,0.20689655172413793,29.0
デフリー,4,0,1,0.0,0.25,デフリー,0.0,3.0,0.0,1.0
デマリア,11,1,5,0.0909090909090909,0.4545454545454545,デマリア,0.09090909090909091,11.0,,
デムーロ,438,77,193,0.1757990867579908,0.4406392694063927,デムーロ,0.2151394422310757,251.0,0.12299465240641712,187.0
デュプレ,127,5,16,0.0393700787401574,0.1259842519685039,デュプレ,0.056338028169014086,71.0,0.017857142857142856,56.0
デルペッ,1,0,0,0.0,0.0,デルペッ,0.0,1.0,,
トリンダ,1,0,0,0.0,0.0,トリンダ,0.0,1.0,,
トロ,3,0,0,0.0,0.0,トロ,0.0,2.0,0.0,1.0
ドイル,90,8,22,0.0888888888888888,0.2444444444444444,ドイル,0.10810810810810811,37.0,0.07547169811320754,53.0
ドゥルー,2,0,0,0.0,0.0,ドゥルー,0.0,1.0,0.0,1.0
ドゥーメ,1,0,1,0.0,1.0,ドゥーメ,0.0,1.0,,
ドミンゲ,15,0,1,0.0,0.0666666666666666,ドミンゲ,0.0,7.0,0.0,8.0
ドワイヤ,2,0,0,0.0,0.0,ドワイヤ,0.0,2.0,,
ナカタニ,51,7,19,0.1372549019607843,0.3725490196078431,ナカタニ,0.1724137931034483,29.0,0.09090909090909091,22.0
ナレドゥ,2,0,0,0.0,0.0,ナレドゥ,0.0,2.0,,
ナームジ,2,0,0,0.0,0.0,ナームジ,0.0,1.0,0.0,1.0
ニップ,2,0,0,0.0,0.0,ニップ,0.0,2.0,,
ニヤマパ,2,0,0,0.0,0.0,ニヤマパ,0.0,2.0,,
ノレン,5,0,0,0.0,0.0,ノレン,0.0,4.0,0.0,1.0
ハナガン,5,0,0,0.0,0.0,ハナガン,0.0,4.0,0.0,1.0
ハリス,2,0,0,0.0,0.0,ハリス,0.0,2.0,,
ハリソン,98,8,21,0.0816326530612244,0.2142857142857142,ハリソン,0.06896551724137931,29.0,0.08695652173913043,69.0
ハーネッ,3,0,1,0.0,0.3333333333333333,ハーネッ,0.0,3.0,,
バデル,4,0,1,0.0,0.25,バデル,0.0,3.0,0.0,1.0
バラオ,1,0,0,0.0,0.0,バラオ,0.0,1.0,,
バルザロ,226,19,59,0.084070796460177,0.2610619469026549,バルザロ,0.09154929577464789,142.0,0.07142857142857142,84.0
バルジュ,1535,123,386,0.0801302931596091,0.2514657980456026,バルジュ,0.08139534883720931,688.0,0.07910271546635184,847.0
バンス,2,0,1,0.0,0.5,バンス,0.0,2.0,,
パウエル,5,1,3,0.2,0.6,パウエル,0.2,5.0,,
パク,4,0,1,0.0,0.25,パク,0.0,2.0,0.0,2.0
パスキエ,23,1,4,0.0434782608695652,0.1739130434782608,パスキエ,0.058823529411764705,17.0,0.0,6.0
パリッシ,1,0,0,0.0,0.0,パリッシ,0.0,1.0,,
パートン,107,19,36,0.1775700934579439,0.3364485981308411,パートン,0.22388059701492538,67.0,0.1,40.0
ヒューイ,150,19,50,0.1266666666666666,0.3333333333333333,ヒューイ,0.09859154929577464,71.0,0.1518987341772152,79.0
ヒューズ,107,6,28,0.0560747663551401,0.2616822429906542,ヒューズ,0.08,50.0,0.03508771929824561,57.0
ヒルス,14,4,8,0.2857142857142857,0.5714285714285714,ヒルス,0.2857142857142857,14.0,,
ヒルズ,9,1,1,0.1111111111111111,0.1111111111111111,ヒルズ,0.14285714285714285,7.0,0.0,2.0
ビエトリ,50,3,12,0.06,0.24,ビエトリ,0.09375,32.0,0.0,18.0
ビュイッ,335,42,106,0.1253731343283582,0.3164179104477612,ビュイッ,0.1188118811881188,202.0,0.13533834586466165,133.0
ビードマ,27,1,7,0.037037037037037,0.2592592592592592,ビードマ,0.045454545454545456,22.0,0.0,5.0
ピユー,1,0,0,0.0,0.0,ピユー,0.0,1.0,,
ピンカイ,4,1,1,0.25,0.25,ピンカイ,0.25,4.0,,
ピンナ,320,24,66,0.075,0.20625,ピンナ,0.09302325581395349,172.0,0.05405405405405406,148.0
ファロン,150,12,43,0.08,0.2866666666666667,ファロン,0.04838709677419355,62.0,0.10227272727272728,88.0
ファーガ,1,0,0,0.0,0.0,ファーガ,0.0,1.0,,
フォリー,5,1,2,0.2,0.4,フォリー,0.2,5.0,,
フォルテ,4,0,0,0.0,0.0,フォルテ,0.0,2.0,0.0,2.0
フォード,2,1,2,0.5,1.0,フォード,0.5,2.0,,
フォーリ,356,19,86,0.0533707865168539,0.2415730337078651,フォーリ,0.06557377049180328,183.0,0.04046242774566474,173.0
フラッド,16,1,4,0.0625,0.25,フラッド,0.07142857142857142,14.0,0.0,2.0
フローレ,3,0,0,0.0,0.0,フローレ,0.0,1.0,0.0,2.0
フーバー,2,0,0,0.0,0.0,フーバー,0.0,2.0,,
ブドー,74,9,19,0.1216216216216216,0.2567567567567567,ブドー,0.17777777777777778,45.0,0.034482758620689655,29.0
ブノワ,304,21,74,0.069078947368421,0.2434210526315789,ブノワ,0.08088235294117647,136.0,0.05952380952380952,168.0
ブフ,21,0,6,0.0,0.2857142857142857,ブフ,0.0,15.0,0.0,6.0
ブラオ,4,0,0,0.0,0.0,ブラオ,0.0,4.0,,
ブラック,6,0,0,0.0,0.0,ブラック,0.0,4.0,0.0,2.0
ブラッド,4,0,1,0.0,0.25,ブラッド,0.0,4.0,,
ブラボ,11,3,5,0.2727272727272727,0.4545454545454545,ブラボ,0.16666666666666666,6.0,0.4,5.0
ブレレト,1,0,0,0.0,0.0,ブレレト,0.0,1.0,,
ブロンデ,63,2,7,0.0317460317460317,0.1111111111111111,ブロンデ,0.0,34.0,0.06896551724137931,29.0
ブータン,116,6,21,0.0517241379310344,0.1810344827586207,ブータン,0.07894736842105263,38.0,0.038461538461538464,78.0
プラッツ,2,0,0,0.0,0.0,プラッツ,0.0,2.0,,
プラード,63,2,9,0.0317460317460317,0.1428571428571428,プラード,0.047619047619047616,42.0,0.0,21.0
プレブル,36,2,6,0.0555555555555555,0.1666666666666666,プレブル,0.037037037037037035,27.0,0.1111111111111111,9.0
プーグリ,1,0,0,0.0,0.0,プーグリ,0.0,1.0,,
ヘッド,15,0,1,0.0,0.0666666666666666,ヘッド,0.0,13.0,0.0,2.0
ヘリヤー,6,2,2,0.3333333333333333,0.3333333333333333,ヘリヤー,0.3333333333333333,6.0,,
ヘルフェ,1,0,0,0.0,0.0,ヘルフェ,0.0,1.0,,
ベイズ,4,0,0,0.0,0.0,ベイズ,0.0,4.0,,
ベイリー,22,2,7,0.0909090909090909,0.3181818181818182,ベイリー,0.1111111111111111,18.0,0.0,4.0
ベハラー,9,0,4,0.0,0.4444444444444444,ベハラー,0.0,6.0,0.0,3.0
ベラ,2,0,0,0.0,0.0,ベラ,0.0,2.0,,
ベラスケ,9,1,4,0.1111111111111111,0.4444444444444444,ベラスケ,0.0,4.0,0.2,5.0
ベリー,858,102,271,0.1188811188811188,0.3158508158508158,ベリー,0.12098765432098765,405.0,0.11699779249448124,453.0
ベレス,2,1,1,0.5,0.5,ベレス,0.5,2.0,,
ベーズ,2,0,0,0.0,0.0,ベーズ,0.0,2.0,,
ペイン,4,0,0,0.0,0.0,ペイン,0.0,2.0,0.0,2.0
ペドロサ,79,4,13,0.050632911392405,0.1645569620253164,ペドロサ,0.0975609756097561,41.0,0.0,38.0
ペリエ,2288,379,921,0.1656468531468531,0.402534965034965,ペリエ,0.1819066147859922,1028.0,0.1523809523809524,1260.0
ペロヴィ,74,3,9,0.0405405405405405,0.1216216216216216,ペロヴィ,0.02631578947368421,38.0,0.05555555555555555,36.0
ホランド,72,5,14,0.0694444444444444,0.1944444444444444,ホランド,0.08888888888888889,45.0,0.037037037037037035,27.0
ホワイト,449,64,163,0.1425389755011135,0.3630289532293986,ホワイト,0.14487632508833923,283.0,0.13855421686746988,166.0
ホーソン,2,0,1,0.0,0.5,ホーソン,0.0,2.0,,
ボウマン,183,23,63,0.1256830601092896,0.3442622950819672,ボウマン,0.1414141414141414,99.0,0.10714285714285714,84.0
ボス,134,12,35,0.0895522388059701,0.2611940298507462,ボス,0.0975609756097561,82.0,0.07692307692307693,52.0
ボッソン,14,0,1,0.0,0.0714285714285714,ボッソン,0.0,11.0,0.0,3.0
ボニヤ,443,26,90,0.0586907449209932,0.2031602708803611,ボニヤ,0.0660377358490566,212.0,0.05194805194805195,231.0
ボレル,4,1,1,0.25,0.25,ボレル,0.3333333333333333,3.0,0.0,1.0
ポルク,1,0,0,0.0,0.0,ポルク,0.0,1.0,,
マイヨ,1,0,0,0.0,0.0,マイヨ,0.0,1.0,,
マウンド,3,0,1,0.0,0.3333333333333333,マウンド,0.0,3.0,,
マカヴォ,9,1,1,0.1111111111111111,0.1111111111111111,マカヴォ,0.0,5.0,0.25,4.0
マクドナ,5,0,0,0.0,0.0,マクドナ,0.0,3.0,0.0,2.0
マクドノ,112,4,14,0.0357142857142857,0.125,マクドノ,0.021739130434782608,46.0,0.045454545454545456,66.0
マシュー,80,3,9,0.0375,0.1125,マシュー,0.06818181818181818,44.0,0.0,36.0
マジョル,10,1,2,0.1,0.2,マジョル,0.1,10.0,,
マッキャ,27,5,8,0.1851851851851851,0.2962962962962963,マッキャ,0.09523809523809523,21.0,0.5,6.0
マトス,1,0,0,0.0,0.0,マトス,0.0,1.0,,
マドレー,1,0,1,0.0,1.0,マドレー,0.0,1.0,,
マニング,0,0,0,,,マニング,,0.0,,
マラージ,7,2,2,0.2857142857142857,0.2857142857142857,マラージ,0.3333333333333333,3.0,0.25,4.0
マリヨン,5,0,1,0.0,0.2,マリヨン,0.0,3.0,0.0,2.0
マルチネ,1,0,0,0.0,0.0,マルチネ,0.0,1.0,,
マルレナ,1,0,0,0.0,0.0,マルレナ,0.0,1.0,,
マンス,70,1,11,0.0142857142857142,0.1571428571428571,マンス,0.02564102564102564,39.0,0.0,31.0
マンディ,4,0,1,0.0,0.25,マンディ,0.0,3.0,0.0,1.0
マンビー,64,4,11,0.0625,0.171875,マンビー,0.06976744186046512,43.0,0.047619047619047616,21.0
マーウィ,3,0,0,0.0,0.0,マーウィ,0.0,3.0,,
マーカス,20,0,3,0.0,0.15,マーカス,0.0,19.0,0.0,1.0
マーシャ,8,1,3,0.125,0.375,マーシャ,0.0,7.0,1.0,1.0
マーフィ,344,68,161,0.1976744186046511,0.4680232558139535,マーフィ,0.19540229885057472,174.0,0.2,170.0
ミグリオ,2,0,0,0.0,0.0,ミグリオ,,,0.0,2.0
ミシェル,4,1,1,0.25,0.25,ミシェル,0.0,3.0,1.0,1.0
ミナリク,496,29,83,0.0584677419354838,0.1673387096774193,ミナリク,0.046511627906976744,215.0,0.06761565836298933,281.0
ミラー,2,0,0,0.0,0.0,ミラー,0.0,2.0,,
ムルタ,139,8,28,0.0575539568345323,0.2014388489208633,ムルタ,0.08196721311475409,61.0,0.038461538461538464,78.0
ムンドリ,1,0,0,0.0,0.0,ムンドリ,0.0,1.0,,
ムンロ,329,25,91,0.0759878419452887,0.2765957446808511,ムンロ,0.08095238095238096,210.0,0.06722689075630252,119.0
ムーア,666,129,289,0.1936936936936936,0.4339339339339339,ムーア,0.18204488778054864,401.0,0.21132075471698114,265.0
メイプル,2,0,0,0.0,0.0,メイプル,0.0,2.0,,
メンディ,223,24,69,0.1076233183856502,0.3094170403587444,メンディ,0.12751677852348994,149.0,0.06756756756756757,74.0
モッセ,28,0,4,0.0,0.1428571428571428,モッセ,0.0,22.0,0.0,6.0
モレイラ,346,114,208,0.3294797687861271,0.6011560693641619,モレイラ,0.3474178403755869,213.0,0.3007518796992481,133.0
モンチョ,3,0,1,0.0,0.3333333333333333,モンチョ,0.0,3.0,,
モンテリ,129,6,25,0.0465116279069767,0.1937984496124031,モンテリ,0.029411764705882353,68.0,0.06557377049180328,61.0
モーゼス,8,1,1,0.125,0.125,モーゼス,0.0,6.0,0.5,2.0
ヤング,1,0,0,0.0,0.0,ヤング,0.0,1.0,,
ユー,1,0,0,0.0,0.0,ユー,0.0,1.0,,
ライ,6,1,1,0.1666666666666666,0.1666666666666666,ライ,0.2,5.0,0.0,1.0
ラオ,4,0,0,0.0,0.0,ラオ,0.0,3.0,0.0,1.0
ラスボン,1,0,0,0.0,0.0,ラスボン,0.0,1.0,,
ラプトン,3,0,0,0.0,0.0,ラプトン,0.0,3.0,,
ラム,17,4,7,0.2352941176470588,0.4117647058823529,ラム,0.23529411764705882,17.0,,
リスポリ,254,40,91,0.1574803149606299,0.358267716535433,リスポリ,0.13432835820895522,134.0,0.18333333333333332,120.0
リデル,31,2,9,0.064516129032258,0.2903225806451613,リデル,0.06451612903225806,31.0,,
リヒ,2,0,0,0.0,0.0,リヒ,0.0,2.0,,
リマー,2,0,0,0.0,0.0,リマー,0.0,2.0,,
リー,2,0,0,0.0,0.0,リー,0.0,1.0,0.0,1.0
リード,8,0,0,0.0,0.0,リード,0.0,8.0,,
ルウェル,0,0,0,,,ルウェル,,0.0,,
ルクー,2,1,1,0.5,0.5,ルクー,0.5,2.0,,
ルパルー,18,0,1,0.0,0.0555555555555555,ルパルー,0.0,10.0,0.0,8.0
ルメール,6779,1433,3248,0.2113881103407582,0.4791267148546983,ルメール,0.2239917801181608,3893.0,0.1943866943866944,2886.0
レイ,2,0,1,0.0,0.5,レイ,0.0,2.0,,
レコサー,2,0,0,0.0,0.0,レコサー,0.0,2.0,,
レンメル,2,0,0,0.0,0.0,レンメル,0.0,2.0,,
レーン,317,79,163,0.2492113564668769,0.5141955835962145,レーン,0.2760416666666667,192.0,0.208,125.0
ロケット,15,3,7,0.2,0.4666666666666667,ロケット,0.2,15.0,,
ロシェ,4,0,1,0.0,0.25,ロシェ,0.0,4.0,,
ロバーツ,967,86,266,0.0889348500517063,0.2750775594622544,ロバーツ,0.09368635437881874,491.0,0.08403361344537816,476.0
ロビンソ,1,0,0,0.0,0.0,ロビンソ,0.0,1.0,,
ロメロ,6,0,0,0.0,0.0,ロメロ,0.0,4.0,0.0,2.0
ローウィ,56,5,12,0.0892857142857142,0.2142857142857142,ローウィ,0.09375,32.0,0.08333333333333333,24.0
ワーシン,1,0,0,0.0,0.0,ワーシン,0.0,1.0,,
ヴァルデ,9,0,1,0.0,0.1111111111111111,ヴァルデ,0.0,1.0,0.0,8.0
ヴェラス,11,1,4,0.0909090909090909,0.3636363636363636,ヴェラス,0.1111111111111111,9.0,0.0,2.0
ヴェロン,218,16,55,0.073394495412844,0.2522935779816513,ヴェロン,0.0594059405940594,101.0,0.08547008547008547,117.0
三上智也,4,0,0,0.0,0.0,三上智也,,,0.0,4.0
三井健一,1,0,0,0.0,0.0,三井健一,0.0,1.0,,
三津谷隼,1091,24,75,0.0219981668194317,0.0687442713107241,三津谷隼,0.020179372197309416,446.0,0.023255813953488372,645.0
三浦堅治,918,96,286,0.1045751633986928,0.3115468409586057,三浦堅治,0.1093210586881473,869.0,0.02040816326530612,49.0
三浦春美,228,16,45,0.0701754385964912,0.1973684210526315,三浦春美,0.0896551724137931,145.0,0.03614457831325301,83.0
三浦皇成,9933,899,2725,0.0905063928319742,0.2743380650357394,三浦皇成,0.08061921994370727,4974.0,0.10042347247428918,4959.0
三浦繁美,125,3,16,0.024,0.128,三浦繁美,0.023809523809523808,84.0,0.024390243902439025,41.0
三野孝徳,11,0,1,0.0,0.0909090909090909,三野孝徳,0.0,1.0,0.0,10.0
三野宮通,2,0,0,0.0,0.0,三野宮通,0.0,2.0,,
上川将幸,1,0,0,0.0,0.0,上川将幸,0.0,1.0,,
上村尚寛,1,0,0,0.0,0.0,上村尚寛,,,0.0,1.0
上村洋行,7845,570,1706,0.0726577437858508,0.2174633524537922,上村洋行,0.06300141576215196,4238.0,0.08400332686443028,3607.0
上松瀬竜,2,0,0,0.0,0.0,上松瀬竜,0.0,2.0,,
上田悟,222,9,22,0.0405405405405405,0.0990990990990991,上田悟,0.021739130434782608,92.0,0.05384615384615385,130.0
上籠勝仁,1986,109,358,0.0548841893252769,0.1802618328298086,上籠勝仁,0.04981203007518797,1064.0,0.06073752711496746,922.0
上野清章,2149,121,348,0.0563052582596556,0.1619357840856212,上野清章,0.052461662631154156,1239.0,0.06153846153846154,910.0
上野翔,1871,59,238,0.031533939070016,0.1272047033671833,上野翔,0.030476190476190476,1050.0,0.03288672350791717,821.0
下原理,178,2,20,0.0112359550561797,0.1123595505617977,下原理,0.0,79.0,0.020202020202020204,99.0
下條知之,11,0,0,0.0,0.0,下條知之,0.0,8.0,0.0,3.0
中井裕二,3129,143,485,0.045701502077341,0.1550015979546181,中井裕二,0.03284416491963662,1431.0,0.05653710247349823,1698.0
中島敏文,373,27,108,0.0723860589812332,0.289544235924933,中島敏文,0.0670391061452514,179.0,0.07731958762886598,194.0
中島裕明,1,0,0,0.0,0.0,中島裕明,,,0.0,1.0
中川雅之,15,0,0,0.0,0.0,中川雅之,0.0,7.0,0.0,8.0
中村力男,166,3,16,0.0180722891566265,0.0963855421686747,中村力男,0.028985507246376812,69.0,0.010309278350515464,97.0
中村将之,2795,137,504,0.0490161001788908,0.1803220035778175,中村将之,0.0567550894509562,1621.0,0.03833049403747871,1174.0
中村裕司,38,0,1,0.0,0.0263157894736842,中村裕司,0.0,26.0,0.0,12.0
中留伸治,3,0,0,0.0,0.0,中留伸治,0.0,2.0,0.0,1.0
中竹和也,1877,140,446,0.0745871070857751,0.2376132125732551,中竹和也,0.08200836820083682,1195.0,0.06158357771260997,682.0
中舘英二,17188,1777,4776,0.1033860833139399,0.2778682801954852,中舘英二,0.09250723550219744,9329.0,0.11629978368749205,7859.0
中西武信,12,1,2,0.0833333333333333,0.1666666666666666,中西武信,1.0,1.0,0.0,11.0
中西達也,3,0,0,0.0,0.0,中西達也,,,0.0,3.0
中谷雄太,4444,181,619,0.0407290729072907,0.1392889288928893,中谷雄太,0.04158878504672897,2140.0,0.03993055555555555,2304.0
中越琉世,4,1,2,0.25,0.5,中越琉世,0.0,2.0,0.5,2.0
中越豊光,6,0,0,0.0,0.0,中越豊光,0.0,2.0,0.0,4.0
中野栄治,991,85,263,0.0857719475277497,0.2653884964682139,中野栄治,0.08035714285714286,560.0,0.09280742459396751,431.0
中野渡清,280,26,68,0.0928571428571428,0.2428571428571428,中野渡清,0.11734693877551021,196.0,0.03571428571428571,84.0
中野省吾,20,0,3,0.0,0.15,中野省吾,0.0,11.0,0.0,9.0
丸山侯彦,152,5,15,0.0328947368421052,0.0986842105263157,丸山侯彦,0.03260869565217391,92.0,0.03333333333333333,60.0
丸山元気,7903,579,1763,0.0732633177274452,0.2230798430975578,丸山元気,0.06960614317562547,4037.0,0.07708225556130367,3866.0
丸山勝秀,2379,226,695,0.0949978982765868,0.2921395544346364,丸山勝秀,0.10077519379844961,1290.0,0.0881542699724518,1089.0
丸山弘之,1,0,0,0.0,0.0,丸山弘之,0.0,1.0,,
丸山雅夫,248,10,28,0.0403225806451612,0.1129032258064516,丸山雅夫,0.06097560975609756,82.0,0.030120481927710843,166.0
丸田恭介,7648,413,1375,0.0540010460251046,0.1797855648535564,丸田恭介,0.056952283222165216,3898.0,0.05093333333333333,3750.0
丸野勝虎,167,3,9,0.0179640718562874,0.0538922155688622,丸野勝虎,0.0,73.0,0.031914893617021274,94.0
丹内祐次,8666,339,1365,0.039118393722594,0.1575121163166397,丹内祐次,0.042318115488847195,4797.0,0.03515120186094598,3869.0
丹羽克輝,1,0,0,0.0,0.0,丹羽克輝,0.0,1.0,,
久保千秋,1,0,0,0.0,0.0,久保千秋,0.0,1.0,,
久保敏文,832,82,215,0.0985576923076923,0.2584134615384615,久保敏文,0.07913669064748201,556.0,0.13768115942028986,276.0
久保田信,3,0,1,0.0,0.3333333333333333,久保田信,0.0,2.0,0.0,1.0
久保田政,51,0,1,0.0,0.0196078431372549,久保田政,0.0,35.0,0.0,16.0
久保田敏,424,23,76,0.0542452830188679,0.1792452830188679,久保田敏,0.05188679245283019,212.0,0.05660377358490566,212.0
久保田英,2592,149,523,0.0574845679012345,0.2017746913580247,久保田英,0.05609573672400898,1337.0,0.05896414342629482,1255.0
久保秀男,1,0,0,0.0,0.0,久保秀男,0.0,1.0,,
亀井洋司,4,0,0,0.0,0.0,亀井洋司,0.0,4.0,,
亀山泰延,1949,75,299,0.0384812724474089,0.1534120061570036,亀山泰延,0.042316258351893093,898.0,0.035204567078972404,1051.0
亀田温心,1428,72,215,0.0504201680672268,0.1505602240896358,亀田温心,0.04153354632587859,626.0,0.057356608478802994,802.0
二本柳壮,5577,252,832,0.0451855836471221,0.1491841491841491,二本柳壮,0.03995866345160179,2903.0,0.050860134629768135,2674.0
五十嵐久,267,11,41,0.0411985018726591,0.1535580524344569,五十嵐久,0.04678362573099415,171.0,0.03125,96.0
五十嵐冬,1007,58,190,0.0575968222442899,0.1886792452830188,五十嵐冬,0.056338028169014086,568.0,0.05922551252847381,439.0
五十嵐剛,5,0,0,0.0,0.0,五十嵐剛,0.0,5.0,,
五十嵐忠,684,35,124,0.0511695906432748,0.1812865497076023,五十嵐忠,0.023529411764705882,170.0,0.06031128404669261,514.0
五十嵐恭,1,0,0,0.0,0.0,五十嵐恭,0.0,1.0,,
五十嵐雄,2449,178,499,0.0726827276439363,0.2037566353613719,五十嵐雄,0.08972174900624645,1761.0,0.029069767441860465,688.0
井上俊彦,123,5,14,0.040650406504065,0.1138211382113821,井上俊彦,0.053763440860215055,93.0,0.0,30.0
井上孝彦,3,1,2,0.3333333333333333,0.6666666666666666,井上孝彦,0.3333333333333333,3.0,,
井上尊紀,2,0,0,0.0,0.0,井上尊紀,0.0,2.0,,
井上幹太,5,0,2,0.0,0.4,井上幹太,0.0,5.0,,
井上悦児,4,0,0,0.0,0.0,井上悦児,0.0,4.0,,
井上敏樹,2204,66,220,0.0299455535390199,0.0998185117967332,井上敏樹,0.021517553793884484,883.0,0.03557910673732021,1321.0
井手上慎,1,0,0,0.0,0.0,井手上慎,0.0,1.0,,
井西泰政,160,3,19,0.01875,0.11875,井西泰政,0.022727272727272728,88.0,0.013888888888888888,72.0
仁平健二,915,54,183,0.0590163934426229,0.2,仁平健二,0.06722689075630252,476.0,0.05011389521640091,439.0
今井規和,774,17,90,0.0219638242894056,0.1162790697674418,今井規和,0.020793950850661626,529.0,0.024489795918367346,245.0
今井貴大,6,0,1,0.0,0.1666666666666666,今井貴大,0.0,3.0,0.0,3.0
今岡正,107,4,32,0.0373831775700934,0.2990654205607476,今岡正,0.047058823529411764,85.0,0.0,22.0
今村康成,1021,45,141,0.0440744368266405,0.138099902056807,今村康成,0.049813200498132,803.0,0.022935779816513763,218.0
今野忠成,214,12,29,0.0560747663551401,0.1355140186915887,今野忠成,0.031914893617021274,94.0,0.075,120.0
仙道光男,13,0,1,0.0,0.0769230769230769,仙道光男,0.0,5.0,0.0,8.0
仲原大生,2,0,0,0.0,0.0,仲原大生,0.0,1.0,0.0,1.0
仲田雅興,1191,28,112,0.0235096557514693,0.0940386230058774,仲田雅興,0.020560747663551402,535.0,0.025914634146341462,656.0
伊藤千尋,2,0,0,0.0,0.0,伊藤千尋,0.0,1.0,0.0,1.0
伊藤工真,3655,116,492,0.0317373461012311,0.134610123119015,伊藤工真,0.030491247882552232,1771.0,0.032908704883227176,1884.0
伊藤暢康,2164,119,404,0.0549907578558225,0.1866913123844732,伊藤暢康,0.05510907003444317,871.0,0.05491105955143078,1293.0
伊藤栄,621,42,115,0.0676328502415458,0.1851851851851851,伊藤栄,0.0625,336.0,0.07368421052631578,285.0
伊藤正徳,154,16,47,0.1038961038961039,0.3051948051948052,伊藤正徳,0.08849557522123894,113.0,0.14634146341463414,41.0
伊藤清章,269,29,69,0.1078066914498141,0.2565055762081784,伊藤清章,0.10365853658536585,164.0,0.11428571428571428,105.0
伊藤直人,3173,137,488,0.0431768042861645,0.1537976678222502,伊藤直人,0.034324942791762014,1311.0,0.04940923737916219,1862.0
伊藤稔,274,9,53,0.0328467153284671,0.1934306569343065,伊藤稔,0.018867924528301886,106.0,0.041666666666666664,168.0
伴啓太,2055,48,161,0.0233576642335766,0.0783454987834549,伴啓太,0.023939064200217627,919.0,0.022887323943661973,1136.0
佐々木一,0,0,0,,,佐々木一,,0.0,,
佐々木国,113,2,8,0.0176991150442477,0.0707964601769911,佐々木国,0.0,69.0,0.045454545454545456,44.0
佐々木明,18,0,1,0.0,0.0555555555555555,佐々木明,0.0,13.0,0.0,5.0
佐々木昭,9,0,1,0.0,0.1111111111111111,佐々木昭,0.0,5.0,0.0,4.0
佐々木泉,3,0,0,0.0,0.0,佐々木泉,0.0,1.0,0.0,2.0
佐々木清,1,0,0,0.0,0.0,佐々木清,0.0,1.0,,
佐々木竹,15,1,2,0.0666666666666666,0.1333333333333333,佐々木竹,0.0,8.0,0.14285714285714285,7.0
佐久間寛,1924,65,256,0.0337837837837837,0.133056133056133,佐久間寛,0.04339796860572484,1083.0,0.02140309155766944,841.0
佐伯清久,1926,77,313,0.0399792315680166,0.1625129802699896,佐伯清久,0.0441025641025641,975.0,0.035751840168243953,951.0
佐原秀泰,1,0,0,0.0,0.0,佐原秀泰,,,0.0,1.0
佐宗応和,4,0,0,0.0,0.0,佐宗応和,0.0,3.0,0.0,1.0
佐川久芳,1,0,0,0.0,0.0,佐川久芳,,,0.0,1.0
佐藤博紀,5,0,0,0.0,0.0,佐藤博紀,0.0,4.0,0.0,1.0
佐藤友則,523,10,36,0.0191204588910133,0.0688336520076481,佐藤友則,0.0076045627376425855,263.0,0.03076923076923077,260.0
佐藤吉勝,845,43,158,0.050887573964497,0.18698224852071,佐藤吉勝,0.04964539007092199,423.0,0.052132701421800945,422.0
佐藤哲三,10525,938,2861,0.0891211401425178,0.2718289786223278,佐藤哲三,0.09265847347994825,6184.0,0.08408200875374337,4341.0
佐藤年毅,753,26,76,0.0345285524568393,0.1009296148738379,佐藤年毅,0.03910614525139665,358.0,0.030379746835443037,395.0
佐藤庄一,1,0,0,0.0,0.0,佐藤庄一,0.0,1.0,,
佐藤正雄,931,44,165,0.0472610096670247,0.1772287862513426,佐藤正雄,0.03183023872679045,377.0,0.05776173285198556,554.0
佐藤照雄,632,33,112,0.0522151898734177,0.1772151898734177,佐藤照雄,0.05592105263157895,304.0,0.04878048780487805,328.0
佐藤祐樹,10,1,1,0.1,0.1,佐藤祐樹,0.0,3.0,0.14285714285714285,7.0
佐藤聖也,900,18,83,0.02,0.0922222222222222,佐藤聖也,0.021798365122615803,367.0,0.01876172607879925,533.0
佐藤裕太,3,0,0,0.0,0.0,佐藤裕太,0.0,2.0,0.0,1.0
佐藤隆,10,0,1,0.0,0.1,佐藤隆,0.0,5.0,0.0,5.0
佐藤雅彦,6,0,0,0.0,0.0,佐藤雅彦,0.0,4.0,0.0,2.0
佐野清広,597,45,128,0.0753768844221105,0.2144053601340033,佐野清広,0.08588957055214724,326.0,0.06273062730627306,271.0
作田誠二,589,44,148,0.0747028862478777,0.2512733446519524,作田誠二,0.0634441087613293,331.0,0.08914728682170543,258.0
保利良平,1,0,0,0.0,0.0,保利良平,0.0,1.0,,
保園翔也,2,0,0,0.0,0.0,保園翔也,0.0,1.0,0.0,1.0
倉兼育康,1,0,0,0.0,0.0,倉兼育康,,,0.0,1.0
倉地学,11,0,0,0.0,0.0,倉地学,0.0,6.0,0.0,5.0
倉富隆一,7,0,0,0.0,0.0,倉富隆一,0.0,6.0,0.0,1.0
兒島真二,25,0,0,0.0,0.0,兒島真二,0.0,13.0,0.0,12.0
内山正博,3144,211,722,0.0671119592875318,0.2296437659033079,内山正博,0.06299212598425197,1778.0,0.07247437774524158,1366.0
内沢信昭,4,0,0,0.0,0.0,内沢信昭,0.0,1.0,0.0,3.0
内田利雄,47,3,6,0.0638297872340425,0.1276595744680851,内田利雄,0.043478260869565216,23.0,0.08333333333333333,24.0
内田博幸,12006,1278,3482,0.1064467766116941,0.2900216558387473,内田博幸,0.09836909871244635,5825.0,0.11405921371946287,6181.0
内田国夫,1425,88,324,0.0617543859649122,0.2273684210526315,内田国夫,0.049681528662420385,785.0,0.0765625,640.0
内田浩一,5767,320,1064,0.0554881220738685,0.1844980058956129,内田浩一,0.050189068408387764,2909.0,0.06088173547935619,2858.0
出口敏幸,532,24,89,0.0451127819548872,0.1672932330827067,出口敏幸,0.05539358600583091,343.0,0.026455026455026454,189.0
出口明見,544,21,69,0.0386029411764705,0.1268382352941176,出口明見,0.03785488958990536,317.0,0.039647577092511016,227.0
出口隆義,505,30,102,0.0594059405940594,0.201980198019802,出口隆義,0.07342657342657342,286.0,0.0410958904109589,219.0
出水拓人,2,0,0,0.0,0.0,出水拓人,0.0,1.0,0.0,1.0
出津孝一,1369,134,434,0.097881665449233,0.3170197224251278,出津孝一,0.09643916913946587,1348.0,0.19047619047619047,21.0
別府真衣,1,0,0,0.0,0.0,別府真衣,0.0,1.0,,
前野幸一,10,0,1,0.0,0.1,前野幸一,0.0,9.0,0.0,1.0
加用正,2184,193,585,0.0883699633699633,0.2678571428571428,加用正,0.08561020036429873,1098.0,0.09116022099447514,1086.0
加藤和博,9,0,0,0.0,0.0,加藤和博,0.0,7.0,0.0,2.0
加藤和宏,5137,400,1234,0.0778664590227759,0.2402180260852637,加藤和宏,0.07234363225320271,2654.0,0.08376963350785341,2483.0
加藤和義,9,0,0,0.0,0.0,加藤和義,0.0,4.0,0.0,5.0
加藤士津,1050,20,130,0.019047619047619,0.1238095238095238,加藤士津,0.0024752475247524753,404.0,0.029411764705882353,646.0
加藤祥太,2517,115,361,0.045689312673818,0.1434247119586809,加藤祥太,0.033106134371957155,1027.0,0.05436241610738255,1490.0
加藤聡一,6,0,0,0.0,0.0,加藤聡一,0.0,3.0,0.0,3.0
加賀武見,167,13,47,0.0778443113772455,0.281437125748503,加賀武見,0.05333333333333334,75.0,0.09782608695652174,92.0
勝浦正樹,14790,928,3175,0.0627450980392156,0.2146720757268424,勝浦正樹,0.059047101941088635,7367.0,0.06641519601239392,7423.0
北川和典,1336,58,198,0.0434131736526946,0.1482035928143712,北川和典,0.035326086956521736,736.0,0.05333333333333334,600.0
北村卓士,884,100,258,0.1131221719457013,0.2918552036199095,北村卓士,0.12151898734177215,790.0,0.0425531914893617,94.0
北村友一,9457,806,2419,0.0852278735328328,0.2557893623770751,北村友一,0.08796844181459566,5070.0,0.08206063369044905,4387.0
北村宏司,15733,1404,4068,0.0892391787961609,0.2585648001016971,北村宏司,0.0847520355292376,8106.0,0.09400812901534024,7627.0
北村欣也,12,0,1,0.0,0.0833333333333333,北村欣也,0.0,10.0,0.0,2.0
北村浩平,1123,59,167,0.0525378450578806,0.1487088156723063,北村浩平,0.05405405405405406,481.0,0.0514018691588785,642.0
北沢伸也,2994,270,819,0.0901803607214428,0.2735470941883767,北沢伸也,0.09486780715396578,1929.0,0.08169014084507042,1065.0
北野真弘,17,0,2,0.0,0.1176470588235294,北野真弘,0.0,8.0,0.0,9.0
千場俊彦,4,0,0,0.0,0.0,千場俊彦,0.0,3.0,0.0,1.0
千田知幸,1,0,0,0.0,0.0,千田知幸,0.0,1.0,,
千田輝彦,4246,278,930,0.06547338671691,0.2190296749882242,千田輝彦,0.061381074168797956,2346.0,0.07052631578947369,1900.0
千葉津代,66,2,12,0.0303030303030303,0.1818181818181818,千葉津代,0.037037037037037035,54.0,0.0,12.0
千葉直人,978,24,90,0.0245398773006134,0.0920245398773006,千葉直人,0.017241379310344827,406.0,0.02972027972027972,572.0
半杭議,1,0,0,0.0,0.0,半杭議,0.0,1.0,,
南井克巳,8007,1017,2950,0.1270138628699887,0.368427625827401,南井克巳,0.12026080656846172,4141.0,0.13424728401448527,3866.0
南井大志,916,36,133,0.0393013100436681,0.1451965065502183,南井大志,0.038,500.0,0.040865384615384616,416.0
南田美知,322,31,86,0.0962732919254658,0.2670807453416149,南田美知,0.09045226130653267,199.0,0.10569105691056911,123.0
南田雅昭,1246,28,94,0.0224719101123595,0.0754414125200642,南田雅昭,0.01782178217821782,505.0,0.02564102564102564,741.0
南郷家全,3,0,0,0.0,0.0,南郷家全,0.0,3.0,,
原優介,658,12,62,0.0182370820668693,0.094224924012158,原優介,0.011538461538461539,260.0,0.022613065326633167,398.0
原昌久,1619,127,382,0.0784434836318715,0.2359481161210624,原昌久,0.08185053380782918,843.0,0.07474226804123711,776.0
原田俊彦,281,13,40,0.0462633451957295,0.1423487544483986,原田俊彦,0.0364963503649635,137.0,0.05555555555555555,144.0
原田和真,1956,51,199,0.0260736196319018,0.1017382413087934,原田和真,0.029692470837751856,943.0,0.022704837117472853,1013.0
原田敬伍,140,5,11,0.0357142857142857,0.0785714285714285,原田敬伍,0.02040816326530612,49.0,0.04395604395604396,91.0
原田聖二,2257,135,478,0.0598139122729286,0.2117855560478511,原田聖二,0.06129032258064516,1240.0,0.05801376597836775,1017.0
原田雄二,190,7,34,0.0368421052631578,0.1789473684210526,原田雄二,0.05309734513274336,113.0,0.012987012987012988,77.0
古小路重,617,55,165,0.0891410048622366,0.2674230145867098,古小路重,0.10325047801147227,523.0,0.010638297872340425,94.0
古川吉洋,9776,518,1742,0.0529869067103109,0.1781914893617021,古川吉洋,0.04638218923933209,4851.0,0.05949238578680203,4925.0
古川哲也,5,1,1,0.2,0.2,古川哲也,0.2,5.0,,
古川奈穂,73,6,12,0.0821917808219178,0.1643835616438356,古川奈穂,0.14285714285714285,14.0,0.06779661016949153,59.0
古川寛和,2246,137,471,0.0609973285841496,0.2097061442564559,古川寛和,0.05200729927007299,1096.0,0.06956521739130435,1150.0
古川彰,2,0,0,0.0,0.0,古川彰,,,0.0,2.0
古川隆文,65,2,6,0.0307692307692307,0.0923076923076923,古川隆文,0.04081632653061224,49.0,0.0,16.0
古性秀之,1,0,0,0.0,0.0,古性秀之,,,0.0,1.0
古泉悟,28,0,0,0.0,0.0,古泉悟,0.0,21.0,0.0,7.0
合谷喜壮,1449,44,194,0.0303657694962042,0.1338854382332643,合谷喜壮,0.03076923076923077,715.0,0.02997275204359673,734.0
吉井友彦,60,0,1,0.0,0.0166666666666666,吉井友彦,0.0,24.0,0.0,36.0
吉井浩和,2,0,0,0.0,0.0,吉井浩和,0.0,2.0,,
吉井章,5,1,2,0.2,0.4,吉井章,0.5,2.0,0.0,3.0
吉原寛人,208,12,36,0.0576923076923076,0.173076923076923,吉原寛人,0.042105263157894736,95.0,0.07079646017699115,113.0
吉村智洋,36,0,4,0.0,0.1111111111111111,吉村智洋,0.0,25.0,0.0,11.0
吉永正人,24,2,7,0.0833333333333333,0.2916666666666667,吉永正人,0.09090909090909091,11.0,0.07692307692307693,13.0
吉永良人,389,19,88,0.0488431876606683,0.2262210796915167,吉永良人,0.05928853754940711,253.0,0.029411764705882353,136.0
吉永護,3817,174,582,0.0455855383809274,0.1524757663086193,吉永護,0.039448966812773954,1597.0,0.05,2220.0
吉沢宗一,1491,141,429,0.0945674044265593,0.2877263581488933,吉沢宗一,0.09188660801564028,1023.0,0.10042735042735043,468.0
吉田勝也,18,3,5,0.1666666666666666,0.2777777777777778,吉田勝也,0.1111111111111111,9.0,0.2222222222222222,9.0
吉田晃浩,14,0,0,0.0,0.0,吉田晃浩,0.0,11.0,0.0,3.0
吉田稔,2713,160,497,0.0589753040914117,0.1831920383339476,吉田稔,0.05692883895131086,1335.0,0.06095791001451379,1378.0
吉田豊,16694,1258,3811,0.075356415478615,0.2282856115969809,吉田豊,0.07400424228140466,8486.0,0.07675438596491228,8208.0
吉田隆二,6,0,0,0.0,0.0,吉田隆二,0.0,6.0,,
吉田隼人,12056,1016,2876,0.0842733908427339,0.2385534173855341,吉田隼人,0.08712654465821992,6393.0,0.08105244570015893,5663.0
吉田順治,7,0,0,0.0,0.0,吉田順治,0.0,5.0,0.0,2.0
吉留孝司,3,1,1,0.3333333333333333,0.3333333333333333,吉留孝司,0.3333333333333333,3.0,,
向山牧,251,11,33,0.0438247011952191,0.1314741035856573,向山牧,0.01639344262295082,122.0,0.06976744186046512,129.0
和田正美,1,0,0,0.0,0.0,和田正美,,,0.0,1.0
和田竜二,18900,1371,4521,0.0725396825396825,0.2392063492063492,和田竜二,0.07111620158267389,9604.0,0.07401032702237521,9296.0
和田翼,126,2,11,0.0158730158730158,0.0873015873015873,和田翼,0.0,51.0,0.02666666666666667,75.0
和田譲治,5,0,0,0.0,0.0,和田譲治,0.0,3.0,0.0,2.0
唐津洋介,1,0,0,0.0,0.0,唐津洋介,0.0,1.0,,
嘉堂信雄,1330,157,455,0.1180451127819548,0.3421052631578947,嘉堂信雄,0.11804511278195488,1330.0,,
嘉藤貴行,5436,157,635,0.0288815305371596,0.1168138337012509,嘉藤貴行,0.021855828220858894,2608.0,0.03536067892503536,2828.0
四位洋文,13876,1586,4250,0.1142980686076679,0.3062842317670798,四位洋文,0.11188811188811189,7579.0,0.11719866603144355,6297.0
四位満教,231,13,45,0.0562770562770562,0.1948051948051948,四位満教,0.058394160583941604,137.0,0.05319148936170213,94.0
団野大成,1775,123,411,0.0692957746478873,0.2315492957746479,団野大成,0.06153846153846154,845.0,0.07634408602150537,930.0
国信満,33,2,9,0.0606060606060606,0.2727272727272727,国信満,0.041666666666666664,24.0,0.1111111111111111,9.0
国兼正浩,516,19,76,0.0368217054263565,0.1472868217054263,国兼正浩,0.03734439834024896,241.0,0.03636363636363636,275.0
国分優作,6129,212,794,0.0345896557350301,0.129548050252896,国分優作,0.032164799421756415,2767.0,0.036585365853658534,3362.0
国分恭介,7124,273,1065,0.0383211678832116,0.1494946659180235,国分恭介,0.03686050206545917,3147.0,0.03947699270807141,3977.0
圓田修,13,0,1,0.0,0.0769230769230769,圓田修,0.0,7.0,0.0,6.0
土肥幸広,5795,475,1476,0.081967213114754,0.2547023295944779,土肥幸広,0.09043478260869565,3450.0,0.06950959488272922,2345.0
土谷智紀,3766,164,542,0.0435475305363781,0.143919277748274,土谷智紀,0.03388141504733433,2007.0,0.054576463899943146,1759.0
坂下秀樹,120,2,15,0.0166666666666666,0.125,坂下秀樹,0.014084507042253521,71.0,0.02040816326530612,49.0
坂井千明,6860,444,1528,0.0647230320699708,0.2227405247813411,坂井千明,0.07361660079051384,4048.0,0.051920341394025606,2812.0
坂井瑠星,2583,168,521,0.065040650406504,0.2017034456058846,坂井瑠星,0.06865912762520193,1238.0,0.06171003717472119,1345.0
坂井英光,207,8,27,0.038647342995169,0.1304347826086956,坂井英光,0.019801980198019802,101.0,0.05660377358490566,106.0
坂井薫人,21,0,0,0.0,0.0,坂井薫人,0.0,10.0,0.0,11.0
坂口義幸,4,0,0,0.0,0.0,坂口義幸,,,0.0,4.0
坂口重政,7,0,1,0.0,0.1428571428571428,坂口重政,0.0,3.0,0.0,4.0
坂本勝美,3125,252,746,0.08064,0.23872,坂本勝美,0.0815426997245179,1815.0,0.07938931297709924,1310.0
坂本和也,4,0,0,0.0,0.0,坂本和也,0.0,2.0,0.0,2.0
城戸義政,2404,84,305,0.0349417637271214,0.1268718801996672,城戸義政,0.0234192037470726,854.0,0.04129032258064516,1550.0
堀井雅広,745,46,143,0.061744966442953,0.1919463087248322,堀井雅広,0.058823529411764705,374.0,0.0646900269541779,371.0
堀千亜樹,5,1,2,0.2,0.4,堀千亜樹,0.0,4.0,1.0,1.0
堀場裕充,1,0,0,0.0,0.0,堀場裕充,0.0,1.0,,
堂山直樹,39,4,8,0.1025641025641025,0.2051282051282051,堂山直樹,0.13636363636363635,22.0,0.058823529411764705,17.0
塚本雄大,2,0,2,0.0,1.0,塚本雄大,0.0,1.0,0.0,1.0
塚田祥雄,1160,71,227,0.0612068965517241,0.1956896551724138,塚田祥雄,0.04753521126760563,568.0,0.07432432432432433,592.0
塚越一弘,1372,37,164,0.0269679300291545,0.119533527696793,塚越一弘,0.027202072538860103,772.0,0.02666666666666667,600.0
塩村克己,3440,289,838,0.0840116279069767,0.2436046511627907,塩村克己,0.08077544426494346,1857.0,0.08780795957043588,1583.0
増井裕,2839,207,650,0.072912997534343,0.2289538569918985,増井裕,0.07168894289185905,1646.0,0.07460184409052809,1193.0
増沢末夫,3302,572,1349,0.1732283464566929,0.4085402786190187,増沢末夫,0.1819533961328706,2017.0,0.15953307392996108,1285.0
増沢由貴,69,0,2,0.0,0.0289855072463768,増沢由貴,0.0,32.0,0.0,37.0
増田久,39,2,3,0.0512820512820512,0.0769230769230769,増田久,0.0,6.0,0.06060606060606061,33.0
大下智,823,17,57,0.0206561360874848,0.0692588092345079,大下智,0.012461059190031152,321.0,0.025896414342629483,502.0
大久保光,37,2,7,0.054054054054054,0.1891891891891892,大久保光,0.045454545454545456,22.0,0.06666666666666667,15.0
大久保真,1,0,0,0.0,0.0,大久保真,,,0.0,1.0
大原浩司,1,0,0,0.0,0.0,大原浩司,0.0,1.0,,
大坪慎,2,0,0,0.0,0.0,大坪慎,0.0,2.0,,
大塚栄三,5697,442,1418,0.0775846936984377,0.2489029313673863,大塚栄三,0.0768695652173913,2875.0,0.0783132530120482,2822.0
大塚海渡,176,3,17,0.0170454545454545,0.096590909090909,大塚海渡,0.014084507042253521,71.0,0.01904761904761905,105.0
大塚研司,12,0,0,0.0,0.0,大塚研司,0.0,7.0,0.0,5.0
大宮竜一,123,5,22,0.040650406504065,0.1788617886178861,大宮竜一,0.0625,80.0,0.0,43.0
大山真吾,25,1,2,0.04,0.08,大山真吾,0.0,7.0,0.05555555555555555,18.0
大崎昭一,3655,339,978,0.0927496580027359,0.267578659370725,大崎昭一,0.0959016393442623,2440.0,0.08641975308641975,1215.0
大庭和弥,4130,122,450,0.0295399515738498,0.1089588377723971,大庭和弥,0.03714710252600297,2019.0,0.02226432970156324,2111.0
大木義一,6,0,0,0.0,0.0,大木義一,0.0,4.0,0.0,2.0
大枝幹也,19,0,1,0.0,0.0526315789473684,大枝幹也,0.0,17.0,0.0,2.0
大柿一真,2,0,0,0.0,0.0,大柿一真,0.0,2.0,,
大森勇一,365,25,104,0.0684931506849315,0.284931506849315,大森勇一,0.0684931506849315,365.0,,
大江原哲,767,100,261,0.1303780964797914,0.3402868318122555,大江原哲,0.15780445969125215,583.0,0.043478260869565216,184.0
大江原圭,849,28,112,0.0329799764428739,0.1319199057714958,大江原圭,0.03729281767955801,724.0,0.008,125.0
大江原隆,922,92,257,0.0997830802603036,0.2787418655097614,大江原隆,0.10571081409477522,823.0,0.050505050505050504,99.0
大沢信夫,2,0,0,0.0,0.0,大沢信夫,0.0,1.0,0.0,1.0
大沢健司,3,0,1,0.0,0.3333333333333333,大沢健司,0.0,2.0,0.0,1.0
大沢辰也,118,0,1,0.0,0.0084745762711864,大沢辰也,0.0,42.0,0.0,76.0
大畑雅章,6,0,0,0.0,0.0,大畑雅章,0.0,3.0,0.0,3.0
大西直宏,5565,419,1238,0.0752920035938903,0.2224618149146451,大西直宏,0.08085912823752368,3166.0,0.06794497707378074,2399.0
大野拓弥,11282,622,2194,0.0551320687821308,0.1944690657684807,大野拓弥,0.05077775791167531,5593.0,0.05941290209175602,5689.0
天間昭一,2068,85,335,0.0411025145067698,0.1619922630560928,天間昭一,0.03582395087001024,977.0,0.045829514207149404,1091.0
太宰啓介,11357,572,1876,0.0503654134014264,0.1651844677291538,太宰啓介,0.045572434234901815,5398.0,0.05470716563181742,5959.0
宇佐美亨,2,0,0,0.0,0.0,宇佐美亨,0.0,1.0,0.0,1.0
宇田登志,1000,38,132,0.038,0.132,宇田登志,0.02480916030534351,524.0,0.052521008403361345,476.0
宇都英樹,33,1,1,0.0303030303030303,0.0303030303030303,宇都英樹,0.0,18.0,0.06666666666666667,15.0
安東章,4,0,0,0.0,0.0,安東章,0.0,3.0,0.0,1.0
安田富男,4362,365,1122,0.0836772122879413,0.2572214580467675,安田富男,0.08786969567081011,2333.0,0.07885657959586002,2029.0
安田康彦,4721,402,1279,0.0851514509637788,0.2709171785638636,安田康彦,0.06948918545789232,2173.0,0.09850863422291994,2548.0
安田隆行,3390,364,1035,0.1073746312684365,0.3053097345132743,安田隆行,0.10465674507921267,2083.0,0.1117061973986228,1307.0
安藤光彰,2149,68,258,0.0316426244765007,0.1200558399255467,安藤光彰,0.032638259292837715,1103.0,0.030592734225621414,1046.0
安藤勝己,6569,1110,2749,0.1689754909423047,0.4184807428832394,安藤勝己,0.17054908485856904,3606.0,0.1670604117448532,2963.0
安藤賢一,1197,96,301,0.0802005012531328,0.2514619883040935,安藤賢一,0.06115107913669065,556.0,0.0967238689547582,641.0
安達昭夫,1072,64,206,0.0597014925373134,0.1921641791044776,安達昭夫,0.0592,625.0,0.06040268456375839,447.0
安部幸夫,1062,24,97,0.0225988700564971,0.091337099811676,安部幸夫,0.022774327122153208,483.0,0.022452504317789293,579.0
宗像徹,2535,105,346,0.0414201183431952,0.1364891518737672,宗像徹,0.04772234273318872,1383.0,0.033854166666666664,1152.0
宝来城多,3368,180,674,0.0534441805225653,0.2001187648456057,宝来城多,0.049019607843137254,1836.0,0.0587467362924282,1532.0
宮下康一,5,0,0,0.0,0.0,宮下康一,0.0,4.0,0.0,1.0
宮下瞳,2,0,0,0.0,0.0,宮下瞳,0.0,2.0,,
宮崎光行,263,10,31,0.0380228136882129,0.11787072243346,宮崎光行,0.05172413793103448,174.0,0.011235955056179775,89.0
宮崎北斗,4629,167,595,0.0360769064592784,0.1285374810974292,宮崎北斗,0.030181979582778518,2253.0,0.041666666666666664,2376.0
宮徹,1325,70,252,0.0528301886792452,0.190188679245283,宮徹,0.05563480741797432,701.0,0.049679487179487176,624.0
宮浦正行,1,0,0,0.0,0.0,宮浦正行,,,0.0,1.0
宮田仁,759,38,131,0.0500658761528326,0.1725955204216074,宮田仁,0.05286343612334802,454.0,0.04590163934426229,305.0
富樫英利,2,0,0,0.0,0.0,富樫英利,0.0,1.0,0.0,1.0
富田暁,1976,88,284,0.0445344129554655,0.1437246963562753,富田暁,0.03708133971291866,836.0,0.05,1140.0
富田正信,307,26,121,0.0846905537459283,0.3941368078175896,富田正信,0.087248322147651,298.0,0.0,9.0
寺島祐治,1737,99,339,0.0569948186528497,0.1951640759930915,寺島祐治,0.06337271750805586,931.0,0.04962779156327544,806.0
寺田雅之,72,4,14,0.0555555555555555,0.1944444444444444,寺田雅之,0.0,34.0,0.10526315789473684,38.0
小佐井盛,1,0,0,0.0,0.0,小佐井盛,0.0,1.0,,
小原義之,3443,199,659,0.0577984316003485,0.191402846354923,小原義之,0.057385759829968117,1882.0,0.05829596412556054,1561.0
小国博行,44,0,5,0.0,0.1136363636363636,小国博行,0.0,36.0,0.0,8.0
小坂忠士,3230,163,581,0.0504643962848297,0.179876160990712,小坂忠士,0.06202008269344359,1693.0,0.03773584905660377,1537.0
小屋敷昭,1712,127,406,0.0741822429906542,0.2371495327102804,小屋敷昭,0.07062780269058296,892.0,0.07804878048780488,820.0
小山信行,1,0,0,0.0,0.0,小山信行,0.0,1.0,,
小島太,2555,295,767,0.1154598825831702,0.3001956947162427,小島太,0.11907810499359796,1562.0,0.10976837865055387,993.0
小島太一,1185,44,148,0.0371308016877637,0.1248945147679325,小島太一,0.041666666666666664,504.0,0.033773861967694566,681.0
小島貞博,2412,254,714,0.10530679933665,0.2960199004975124,小島貞博,0.1131458469587966,1529.0,0.09173272933182333,883.0
小崎綾也,2426,122,395,0.0502885408079142,0.1628194558944765,小崎綾也,0.04174573055028463,1054.0,0.056851311953352766,1372.0
小嶋久輝,22,2,5,0.0909090909090909,0.2272727272727272,小嶋久輝,0.05555555555555555,18.0,0.25,4.0
小嶋耕輝,8,0,0,0.0,0.0,小嶋耕輝,0.0,5.0,0.0,3.0
小松丈二,2,0,0,0.0,0.0,小松丈二,0.0,2.0,,
小林久晃,3013,154,518,0.0511118486558247,0.1719216727514105,小林久晃,0.050535077288941736,1682.0,0.051840721262208865,1331.0
小林俊彦,65,5,10,0.0769230769230769,0.1538461538461538,小林俊彦,0.09523809523809523,42.0,0.043478260869565216,23.0
小林凌大,798,21,81,0.0263157894736842,0.1015037593984962,小林凌大,0.006825938566552901,293.0,0.03762376237623762,505.0
小林徹弥,7600,383,1290,0.0503947368421052,0.1697368421052631,小林徹弥,0.04190296156269691,3174.0,0.05648441030275644,4426.0
小林慎一,1319,59,181,0.0447308567096285,0.1372251705837756,小林慎一,0.03618421052631579,608.0,0.052039381153305204,711.0
小林淳一,7812,299,1090,0.0382744495647721,0.1395289298515105,小林淳一,0.0411946446961895,3884.0,0.03538696537678208,3928.0
小林真治,3,0,0,0.0,0.0,小林真治,0.0,2.0,0.0,1.0
小林脩斗,470,15,51,0.0319148936170212,0.1085106382978723,小林脩斗,0.037267080745341616,161.0,0.02912621359223301,309.0
小林靖幸,2,0,0,0.0,0.0,小林靖幸,0.0,1.0,0.0,1.0
小柳由春,32,2,4,0.0625,0.125,小柳由春,0.041666666666666664,24.0,0.125,8.0
小池隆生,4986,302,937,0.0605695948656237,0.1879261933413558,小池隆生,0.04991166077738516,2264.0,0.06943423952975752,2722.0
小沢大仁,280,16,43,0.0571428571428571,0.1535714285714285,小沢大仁,0.030303030303030304,99.0,0.0718232044198895,181.0
小牧太,11468,907,2677,0.0790896407394489,0.2334321590512731,小牧太,0.07325352867607647,5597.0,0.08465338102537898,5871.0
小牧毅,29,0,2,0.0,0.0689655172413793,小牧毅,0.0,9.0,0.0,20.0
小田部雪,1,0,0,0.0,0.0,小田部雪,0.0,1.0,,
小西一男,211,10,47,0.0473933649289099,0.2227488151658767,小西一男,0.036036036036036036,111.0,0.06,100.0
小谷内秀,2100,186,552,0.0885714285714285,0.2628571428571428,小谷内秀,0.09480812641083522,1329.0,0.07782101167315175,771.0
小谷祐司,577,11,59,0.0190641247833622,0.1022530329289428,小谷祐司,0.017857142857142856,336.0,0.02074688796680498,241.0
小迫次男,1840,120,378,0.0652173913043478,0.2054347826086956,小迫次男,0.06429124709527498,1291.0,0.06739526411657559,549.0
小野寺功,2,0,0,0.0,0.0,小野寺功,0.0,1.0,0.0,1.0
小野寺祐,1594,40,157,0.0250941028858218,0.0984943538268506,小野寺祐,0.03303964757709251,908.0,0.014577259475218658,686.0
小野敦,1,0,0,0.0,0.0,小野敦,,,0.0,1.0
小野望,19,1,3,0.0526315789473684,0.1578947368421052,小野望,0.09090909090909091,11.0,0.0,8.0
小野次郎,8518,528,1792,0.0619863817797605,0.2103780230100962,小野次郎,0.0574793875147232,4245.0,0.06646384273344255,4273.0
小野輝彦,4,0,0,0.0,0.0,小野輝彦,0.0,2.0,0.0,2.0
尾島徹,160,3,13,0.01875,0.08125,尾島徹,0.0136986301369863,73.0,0.022988505747126436,87.0
尾林幸二,17,0,0,0.0,0.0,尾林幸二,0.0,10.0,0.0,7.0
尾林幸彦,1,0,0,0.0,0.0,尾林幸彦,0.0,1.0,,
山下裕貴,1,0,0,0.0,0.0,山下裕貴,0.0,1.0,,
山下貴光,3,0,0,0.0,0.0,山下貴光,0.0,3.0,,
山下雅之,1,0,0,0.0,0.0,山下雅之,0.0,1.0,,
山中尊徳,8,0,0,0.0,0.0,山中尊徳,0.0,5.0,0.0,3.0
山中悠希,1,0,0,0.0,0.0,山中悠希,0.0,1.0,,
山口健治,1,0,0,0.0,0.0,山口健治,0.0,1.0,,
山口勲,163,1,9,0.0061349693251533,0.0552147239263803,山口勲,0.009615384615384616,104.0,0.0,59.0
山口竜一,151,7,19,0.0463576158940397,0.1258278145695364,山口竜一,0.033707865168539325,89.0,0.06451612903225806,62.0
山口高,1,0,0,0.0,0.0,山口高,0.0,1.0,,
山崎亮誠,412,9,29,0.0218446601941747,0.0703883495145631,山崎亮誠,0.022727272727272728,176.0,0.0211864406779661,236.0
山崎真輝,3,0,0,0.0,0.0,山崎真輝,0.0,2.0,0.0,1.0
山崎誠士,29,1,3,0.0344827586206896,0.1034482758620689,山崎誠士,0.0,8.0,0.047619047619047616,21.0
山本咲希,12,0,0,0.0,0.0,山本咲希,0.0,6.0,0.0,6.0
山本康二,1386,73,237,0.0526695526695526,0.170995670995671,山本康二,0.038922155688622756,668.0,0.06545961002785515,718.0
山本康志,2587,132,479,0.0510243525318902,0.1851565519907228,山本康志,0.05669546436285097,1852.0,0.036734693877551024,735.0
山本政聡,1,0,0,0.0,0.0,山本政聡,,,0.0,1.0
山本泉,2,0,1,0.0,0.5,山本泉,0.0,2.0,,
山本登志,1,0,1,0.0,1.0,山本登志,0.0,1.0,,
山本聡哉,18,0,0,0.0,0.0,山本聡哉,0.0,9.0,0.0,9.0
山本茜,1,0,0,0.0,0.0,山本茜,0.0,1.0,,
山本裕次,2,0,0,0.0,0.0,山本裕次,0.0,1.0,0.0,1.0
山田信大,68,0,3,0.0,0.0441176470588235,山田信大,0.0,45.0,0.0,23.0
山田和久,12,0,1,0.0,0.0833333333333333,山田和久,0.0,8.0,0.0,4.0
山田和広,2285,230,624,0.1006564551422319,0.2730853391684901,山田和広,0.08501118568232663,894.0,0.11071171818835371,1391.0
山田延由,4,0,0,0.0,0.0,山田延由,0.0,1.0,0.0,3.0
山田敬士,1468,32,133,0.0217983651226158,0.0905994550408719,山田敬士,0.02127659574468085,611.0,0.022170361726954493,857.0
山田泰誠,2810,193,600,0.0686832740213523,0.2135231316725978,山田泰誠,0.06856754921928038,1473.0,0.068810770381451,1337.0
山田祥雄,2,0,0,0.0,0.0,山田祥雄,0.0,1.0,0.0,1.0
山田雄大,1,0,0,0.0,0.0,山田雄大,0.0,1.0,,
山田順一,2,0,0,0.0,0.0,山田順一,0.0,2.0,,
岡元隆太,1,0,0,0.0,0.0,岡元隆太,0.0,1.0,,
岡冨俊一,1682,139,408,0.0826397146254458,0.2425683709869203,岡冨俊一,0.09822184589331075,1181.0,0.04590818363273453,501.0
岡山定夫,913,53,192,0.0580503833515881,0.2102957283680175,岡山定夫,0.04421052631578947,475.0,0.0730593607305936,438.0
岡島玉一,29,1,5,0.0344827586206896,0.1724137931034483,岡島玉一,0.06666666666666667,15.0,0.0,14.0
岡村裕基,1,0,0,0.0,0.0,岡村裕基,,,0.0,1.0
岡潤一郎,2162,225,678,0.1040703052728954,0.3135985198889917,岡潤一郎,0.11934552454282965,1039.0,0.08993766696349065,1123.0
岡田大,6,0,0,0.0,0.0,岡田大,0.0,4.0,0.0,2.0
岡田祥嗣,1351,44,140,0.0325684678016284,0.1036269430051813,岡田祥嗣,0.027777777777777776,504.0,0.03541912632821724,847.0
岡部幸雄,10568,1945,4641,0.1840461771385314,0.4391559424678274,岡部幸雄,0.18443372692499585,6013.0,0.18353457738748627,4555.0
岡部誠,535,19,61,0.0355140186915887,0.114018691588785,岡部誠,0.029411764705882353,238.0,0.04040404040404041,297.0
岩元市三,1441,154,445,0.1068702290076335,0.3088133240804996,岩元市三,0.10638297872340426,846.0,0.10756302521008404,595.0
岩城博俊,109,1,22,0.0091743119266055,0.2018348623853211,岩城博俊,0.0,27.0,0.012195121951219513,82.0
岩崎祐己,1746,63,283,0.0360824742268041,0.1620847651775487,岩崎祐己,0.035443037974683546,790.0,0.036610878661087864,956.0
岩崎翼,2900,119,436,0.0410344827586206,0.1503448275862069,岩崎翼,0.038523274478330656,1246.0,0.042926239419588876,1654.0
岩戸孝樹,1730,74,301,0.0427745664739884,0.1739884393063583,岩戸孝樹,0.04374364191251272,983.0,0.041499330655957165,747.0
岩本怜,2,1,1,0.5,0.5,岩本怜,1.0,1.0,0.0,1.0
岩本清隆,2,0,0,0.0,0.0,岩本清隆,0.0,1.0,0.0,1.0
岩橋勇二,46,0,3,0.0,0.0652173913043478,岩橋勇二,0.0,38.0,0.0,8.0
岩田康誠,13999,1681,4848,0.1200800057146939,0.3463104507464818,岩田康誠,0.11522456593485436,6969.0,0.12489331436699858,7030.0
岩田望来,1808,155,475,0.0857300884955752,0.2627212389380531,岩田望来,0.07976878612716763,865.0,0.0911983032873807,943.0
岩部純二,4351,155,527,0.0356239944840266,0.1211215812456906,岩部純二,0.028885037550548817,1731.0,0.04007633587786259,2620.0
岸滋彦,5653,431,1363,0.076242702989563,0.2411109145586414,岸滋彦,0.07448912326961107,3034.0,0.0782741504390989,2619.0
島崎和也,1,0,0,0.0,0.0,島崎和也,0.0,1.0,,
嶋田功,702,74,231,0.1054131054131054,0.329059829059829,嶋田功,0.11555555555555555,450.0,0.0873015873015873,252.0
嶋田純次,2503,86,320,0.034358769476628,0.1278465840990811,嶋田純次,0.03233629749393695,1237.0,0.036334913112164295,1266.0
嶋田高宏,2393,110,400,0.0459674049310488,0.1671541997492687,嶋田高宏,0.04012841091492777,1246.0,0.05231037489102005,1147.0
川原正一,1386,73,215,0.0526695526695526,0.1551226551226551,川原正一,0.04776579352850539,649.0,0.05698778833107191,737.0
川又賢治,1874,100,319,0.0533617929562433,0.1702241195304162,川又賢治,0.05339265850945495,899.0,0.05333333333333334,975.0
川口道助,1,0,0,0.0,0.0,川口道助,0.0,1.0,,
川合達彦,971,49,139,0.0504634397528321,0.1431513903192585,川合達彦,0.04852320675105485,474.0,0.052313883299798795,497.0
川島信二,6558,330,1108,0.0503202195791399,0.1689539493748094,川島信二,0.048340315823396714,3103.0,0.05209840810419682,3455.0
川島正太,2,0,0,0.0,0.0,川島正太,0.0,1.0,0.0,1.0
川島洋人,113,5,18,0.0442477876106194,0.1592920353982301,川島洋人,0.036585365853658534,82.0,0.06451612903225806,31.0
川島雅人,26,1,3,0.0384615384615384,0.1153846153846153,川島雅人,0.0,22.0,0.25,4.0
川本裕達,14,0,2,0.0,0.1428571428571428,川本裕達,0.0,11.0,0.0,3.0
川村禎彦,49,6,22,0.1224489795918367,0.4489795918367347,川村禎彦,0.12244897959183673,49.0,,
川田将雅,10858,1635,4048,0.1505802173512617,0.3728126726837354,川田将雅,0.155328418230563,5968.0,0.14478527607361963,4890.0
川端義雄,172,12,34,0.0697674418604651,0.1976744186046511,川端義雄,0.06201550387596899,129.0,0.09302325581395349,43.0
川野幸治,17,0,1,0.0,0.0588235294117647,川野幸治,0.0,12.0,0.0,5.0
川須栄彦,6045,386,1143,0.0638544251447477,0.1890818858560794,川須栄彦,0.055153395380903136,2901.0,0.07188295165394402,3144.0
工藤勉,10,0,0,0.0,0.0,工藤勉,0.0,6.0,0.0,4.0
左海誠二,386,9,34,0.0233160621761658,0.0880829015544041,左海誠二,0.02717391304347826,184.0,0.019801980198019802,202.0
市丸繁,6,0,1,0.0,0.1666666666666666,市丸繁,0.0,2.0,0.0,4.0
常石勝義,1485,82,255,0.0552188552188552,0.1717171717171717,常石勝義,0.05853658536585366,820.0,0.05112781954887218,665.0
平井三雄,37,2,8,0.054054054054054,0.2162162162162162,平井三雄,0.05405405405405406,37.0,,
平松徳彦,18,0,0,0.0,0.0,平松徳彦,0.0,12.0,0.0,6.0
平沢健治,1435,100,320,0.0696864111498257,0.2229965156794425,平沢健治,0.08722466960352424,1135.0,0.0033333333333333335,300.0
平沢則雄,11,0,0,0.0,0.0,平沢則雄,0.0,4.0,0.0,7.0
平瀬城久,3,0,0,0.0,0.0,平瀬城久,0.0,3.0,,
平田秀也,275,34,101,0.1236363636363636,0.3672727272727272,平田秀也,0.12363636363636364,275.0,,
平目孝志,1087,47,179,0.0432382704691812,0.1646734130634774,平目孝志,0.029953917050691243,434.0,0.05206738131699847,653.0
平野優,1216,29,119,0.0238486842105263,0.0978618421052631,平野優,0.021505376344086023,465.0,0.02529960053262317,751.0
幸英明,21407,1516,4986,0.0708179567431214,0.2329144672303452,幸英明,0.06321678321678321,10725.0,0.07844972851525932,10682.0
広松孝司,172,16,56,0.0930232558139534,0.3255813953488372,広松孝司,0.09302325581395349,172.0,,
広森久雄,2,0,0,0.0,0.0,広森久雄,0.0,1.0,0.0,1.0
張田京,308,7,39,0.0227272727272727,0.1266233766233766,張田京,0.026845637583892617,149.0,0.018867924528301886,159.0
張田昂,5,0,1,0.0,0.2,張田昂,0.0,3.0,0.0,2.0
後藤孝鎮,2,0,0,0.0,0.0,後藤孝鎮,0.0,1.0,0.0,1.0
後藤浩輝,12904,1447,4085,0.1121357718536887,0.3165685058896466,後藤浩輝,0.10725504861630517,6685.0,0.11738221579031999,6219.0
御神本訓,235,6,36,0.025531914893617,0.1531914893617021,御神本訓,0.009174311926605505,109.0,0.03968253968253968,126.0
徳吉一己,1185,93,290,0.0784810126582278,0.2447257383966244,徳吉一己,0.07116564417177915,815.0,0.0945945945945946,370.0
徳吉孝士,3201,116,465,0.0362386754139331,0.1452671040299906,徳吉孝士,0.032467532467532464,1386.0,0.03911845730027548,1815.0
徳江涼,4,0,0,0.0,0.0,徳江涼,0.0,3.0,0.0,1.0
徳留康豊,5,0,0,0.0,0.0,徳留康豊,0.0,4.0,0.0,1.0
成島正規,915,44,129,0.048087431693989,0.140983606557377,成島正規,0.054844606946983544,547.0,0.03804347826086957,368.0
成松修一,1,0,0,0.0,0.0,成松修一,0.0,1.0,,
成田均,873,68,203,0.0778923253150057,0.2325315005727377,成田均,0.08247422680412371,776.0,0.041237113402061855,97.0
戸崎圭太,8053,1147,2963,0.1424313920278157,0.3679374146280889,戸崎圭太,0.13859732824427481,4192.0,0.1465941465941466,3861.0
戸部尚実,23,0,0,0.0,0.0,戸部尚実,0.0,16.0,0.0,7.0
押田年郎,493,62,184,0.1257606490872211,0.3732251521298174,押田年郎,0.12896405919661733,473.0,0.05,20.0
押田純子,158,2,13,0.0126582278481012,0.0822784810126582,押田純子,0.013888888888888888,72.0,0.011627906976744186,86.0
斉藤博美,1036,59,189,0.0569498069498069,0.1824324324324324,斉藤博美,0.05048076923076923,416.0,0.06129032258064516,620.0
斉藤正弘,318,12,41,0.0377358490566037,0.1289308176100629,斉藤正弘,0.035175879396984924,199.0,0.04201680672268908,119.0
斉藤誠,36,2,5,0.0555555555555555,0.1388888888888889,斉藤誠,0.08333333333333333,24.0,0.0,12.0
斎藤仁作,95,2,10,0.0210526315789473,0.1052631578947368,斎藤仁作,0.0392156862745098,51.0,0.0,44.0
斎藤新,1627,93,299,0.0571604179471419,0.1837738168408113,斎藤新,0.047182175622542594,763.0,0.06597222222222222,864.0
斎藤雄一,3,0,0,0.0,0.0,斎藤雄一,,,0.0,3.0
新原健伸,5,0,0,0.0,0.0,新原健伸,0.0,5.0,,
新町充寿,2,0,0,0.0,0.0,新町充寿,0.0,2.0,,
日吉正和,2111,93,336,0.04405495026054,0.1591662719090478,日吉正和,0.04021164021164021,945.0,0.04716981132075472,1166.0
日高三代,8,1,3,0.125,0.375,日高三代,0.125,8.0,,
早川順一,16,0,1,0.0,0.0625,早川順一,0.0,11.0,0.0,5.0
早田功駿,3,0,0,0.0,0.0,早田功駿,,,0.0,3.0
早田秀治,11,2,5,0.1818181818181818,0.4545454545454545,早田秀治,0.25,8.0,0.0,3.0
昆貢,229,22,64,0.0960698689956331,0.2794759825327511,昆貢,0.08080808080808081,99.0,0.1076923076923077,130.0
星野信幸,48,1,5,0.0208333333333333,0.1041666666666666,星野信幸,0.029411764705882353,34.0,0.0,14.0
星野忍,624,108,282,0.173076923076923,0.4519230769230769,星野忍,0.19366852886405958,537.0,0.04597701149425287,87.0
星野純一,11,0,1,0.0,0.0909090909090909,星野純一,0.0,8.0,0.0,3.0
有年淳,1,0,0,0.0,0.0,有年淳,0.0,1.0,,
有馬澄男,17,1,1,0.0588235294117647,0.0588235294117647,有馬澄男,0.1,10.0,0.0,7.0
服部剛史,774,29,105,0.0374677002583979,0.1356589147286821,服部剛史,0.031545741324921134,317.0,0.04157549234135667,457.0
服部寿希,524,4,24,0.0076335877862595,0.0458015267175572,服部寿希,0.005681818181818182,176.0,0.008620689655172414,348.0
服部茂史,225,7,34,0.0311111111111111,0.1511111111111111,服部茂史,0.029411764705882353,136.0,0.033707865168539325,89.0
木幡初也,2682,75,300,0.0279642058165548,0.1118568232662192,木幡初也,0.022222222222222223,1215.0,0.032719836400818,1467.0
木幡初広,12522,763,2636,0.0609327583453122,0.2105095032742373,木幡初広,0.06350866706515242,6692.0,0.05797598627787307,5830.0
木幡巧也,3535,159,572,0.0449787835926449,0.1618104667609618,木幡巧也,0.0440699935191186,1543.0,0.04568273092369478,1992.0
木幡育也,1719,58,200,0.033740546829552,0.1163467132053519,木幡育也,0.030261348005502064,727.0,0.036290322580645164,992.0
木本直,2,0,0,0.0,0.0,木本直,0.0,1.0,0.0,1.0
木村健,240,6,27,0.025,0.1125,木村健,0.02830188679245283,106.0,0.022388059701492536,134.0
木村芳晃,24,0,0,0.0,0.0,木村芳晃,0.0,15.0,0.0,9.0
木藤隆行,820,60,198,0.073170731707317,0.2414634146341463,木藤隆行,0.06798245614035088,456.0,0.07967032967032966,364.0
本橋孝太,21,0,0,0.0,0.0,本橋孝太,0.0,11.0,0.0,10.0
本田優,6535,633,1803,0.0968630451415455,0.2758990053557766,本田優,0.09052007899934167,3038.0,0.10237346296825851,3497.0
本田正重,6,0,0,0.0,0.0,本田正重,0.0,5.0,0.0,1.0
本間光雄,1,0,0,0.0,0.0,本間光雄,0.0,1.0,,
本間忍,962,29,108,0.0301455301455301,0.1122661122661122,本間忍,0.025193798449612403,516.0,0.03587443946188341,446.0
本間茂,4,0,1,0.0,0.25,本間茂,0.0,3.0,0.0,1.0
杉原誠人,3214,122,388,0.0379589296826384,0.1207218419415059,杉原誠人,0.03987730061349693,1630.0,0.03598484848484849,1584.0
杉村一樹,22,0,1,0.0,0.0454545454545454,杉村一樹,0.0,15.0,0.0,7.0
杉浦健太,5,0,0,0.0,0.0,杉浦健太,0.0,3.0,0.0,2.0
杉浦宏昭,1460,160,459,0.1095890410958904,0.3143835616438356,杉浦宏昭,0.10796645702306079,954.0,0.11264822134387352,506.0
村上忍,62,1,2,0.0161290322580645,0.032258064516129,村上忍,0.0,32.0,0.03333333333333333,30.0
村上正和,1,0,0,0.0,0.0,村上正和,0.0,1.0,,
村山明,3173,218,676,0.068704695871415,0.2130475890324614,村山明,0.07362703681351841,1657.0,0.0633245382585752,1516.0
村島俊策,3,0,0,0.0,0.0,村島俊策,0.0,1.0,0.0,2.0
村本善之,5544,582,1626,0.1049783549783549,0.2932900432900432,村本善之,0.10015898251192369,3145.0,0.11129637348895373,2399.0
村松学,6,0,0,0.0,0.0,村松学,0.0,6.0,,
村田一誠,8898,392,1355,0.0440548437851202,0.152281411553158,村田一誠,0.04464682363394047,4502.0,0.04344858962693358,4396.0
東信二,2151,142,519,0.0660158066015806,0.2412831241283124,東信二,0.06174089068825911,988.0,0.06964746345657781,1163.0
東川公則,194,5,12,0.0257731958762886,0.0618556701030927,東川公則,0.010309278350515464,97.0,0.041237113402061855,97.0
東田幸男,1464,91,330,0.0621584699453551,0.2254098360655737,東田幸男,0.06699507389162561,1015.0,0.051224944320712694,449.0
東真市,1,0,0,0.0,0.0,東真市,0.0,1.0,,
松井伸也,8,0,0,0.0,0.0,松井伸也,0.0,8.0,,
松井達也,4,0,0,0.0,0.0,松井達也,,,0.0,4.0
松原義夫,2,0,0,0.0,0.0,松原義夫,0.0,1.0,0.0,1.0
松山弘平,9844,836,2372,0.0849248273059731,0.2409589597724502,松山弘平,0.08,5050.0,0.09011264080100125,4794.0
松岡正海,11384,830,2557,0.0729093464511595,0.2246134926212227,松岡正海,0.07343941248470012,5719.0,0.07237422771403354,5665.0
松平幸秀,19,0,0,0.0,0.0,松平幸秀,0.0,16.0,0.0,3.0
松木大地,5,1,2,0.2,0.4,松木大地,0.0,2.0,0.3333333333333333,3.0
松本大輝,189,6,20,0.0317460317460317,0.1058201058201058,松本大輝,0.0,71.0,0.05084745762711865,118.0
松本達也,2616,257,673,0.0982415902140672,0.257262996941896,松本達也,0.08553654743390357,1286.0,0.11052631578947368,1330.0
松本隆宏,13,1,2,0.0769230769230769,0.1538461538461538,松本隆宏,0.0,6.0,0.14285714285714285,7.0
松永幹夫,12365,1400,3880,0.1132228063081277,0.3137889203396684,松永幹夫,0.10932315859323159,6028.0,0.11693230235127032,6337.0
松永昌博,3739,347,1081,0.0928055629847552,0.2891147365605777,松永昌博,0.08344923504867872,2157.0,0.10556257901390645,1582.0
松浦政宏,3,0,0,0.0,0.0,松浦政宏,0.0,2.0,0.0,1.0
松浦聡志,3,0,0,0.0,0.0,松浦聡志,,,0.0,3.0
松田大作,8247,476,1634,0.0577179580453498,0.1981326542985328,松田大作,0.05558194774346793,4210.0,0.05994550408719346,4037.0
松田幸春,773,50,156,0.0646830530401035,0.2018111254851229,松田幸春,0.05732484076433121,314.0,0.06971677559912855,459.0
松若風馬,5366,367,1065,0.0683935892657473,0.1984718598583675,松若風馬,0.06617375231053604,2705.0,0.07065013152950018,2661.0
板倉真由,244,1,10,0.0040983606557377,0.040983606557377,板倉真由,0.012658227848101266,79.0,0.0,165.0
板倉範明,2,0,0,0.0,0.0,板倉範明,0.0,1.0,0.0,1.0
板垣吉則,16,0,0,0.0,0.0,板垣吉則,0.0,11.0,0.0,5.0
板野央,5,0,0,0.0,0.0,板野央,0.0,3.0,0.0,2.0
林幻,3,0,0,0.0,0.0,林幻,0.0,3.0,,
林満明,3484,277,893,0.0795063145809414,0.2563145809414466,林満明,0.09126827340971948,2531.0,0.048268625393494226,953.0
柄崎将寿,1099,33,119,0.0300272975432211,0.10828025477707,柄崎将寿,0.023715415019762844,506.0,0.03541315345699832,593.0
柏崎正次,1038,59,210,0.0568400770712909,0.2023121387283237,柏崎正次,0.05772811918063315,537.0,0.05588822355289421,501.0
柏木健宏,6,0,0,0.0,0.0,柏木健宏,0.0,5.0,0.0,1.0
柳沢好美,10,0,1,0.0,0.1,柳沢好美,0.0,7.0,0.0,3.0
柴原央明,2317,120,418,0.0517911091929218,0.1804056970220112,柴原央明,0.04896907216494845,1164.0,0.05464006938421509,1153.0
柴山雄一,10215,586,1936,0.0573666177190406,0.1895252080274106,柴山雄一,0.05576654007595443,5003.0,0.0589025326170376,5212.0
柴崎勇,1106,68,227,0.0614828209764918,0.2052441229656419,柴崎勇,0.05392156862745098,612.0,0.0708502024291498,494.0
柴田光陽,445,36,112,0.0808988764044943,0.251685393258427,柴田光陽,0.08139534883720931,258.0,0.08021390374331551,187.0
柴田利秋,145,6,26,0.0413793103448275,0.1793103448275862,柴田利秋,0.017857142857142856,112.0,0.12121212121212122,33.0
柴田善臣,21351,2297,6669,0.1075827830078216,0.3123507095686385,柴田善臣,0.10463483146067416,11392.0,0.1109549151521237,9959.0
柴田大知,10797,508,1839,0.0470501065110678,0.1703250903028619,柴田大知,0.05324760962743159,6066.0,0.039103783555273726,4731.0
柴田弘之,658,21,121,0.0319148936170212,0.1838905775075988,柴田弘之,0.032467532467532464,308.0,0.03142857142857143,350.0
柴田政人,4861,781,2104,0.1606665295206747,0.4328327504628677,柴田政人,0.16082554517133957,2568.0,0.16048844308765808,2293.0
柴田政見,456,29,81,0.0635964912280701,0.1776315789473684,柴田政見,0.0641025641025641,234.0,0.06306306306306306,222.0
柴田未崎,3128,94,377,0.0300511508951406,0.1205242966751918,柴田未崎,0.027192386131883073,1471.0,0.032589016294508145,1657.0
柴田直樹,2,0,0,0.0,0.0,柴田直樹,,,0.0,2.0
柿元嘉和,2139,93,358,0.0434782608695652,0.1673679289387564,柿元嘉和,0.035650623885918005,1122.0,0.05211406096361849,1017.0
柿原翔,27,0,1,0.0,0.037037037037037,柿原翔,0.0,13.0,0.0,14.0
栗原大河,2,0,0,0.0,0.0,栗原大河,0.0,1.0,0.0,1.0
栗原洋一,648,49,160,0.0756172839506172,0.2469135802469135,栗原洋一,0.08634538152610442,498.0,0.04,150.0
栗林宏,4,0,1,0.0,0.25,栗林宏,0.0,3.0,0.0,1.0
栗田伸一,1573,90,294,0.0572155117609663,0.1869040050858232,栗田伸一,0.030821917808219176,584.0,0.07280080889787664,989.0
栩原一男,512,22,88,0.04296875,0.171875,栩原一男,0.020202020202020204,198.0,0.05732484076433121,314.0
根岸良昌,1,0,0,0.0,0.0,根岸良昌,,,0.0,1.0
根本康広,1448,102,327,0.0704419889502762,0.2258287292817679,根本康広,0.06134094151212553,701.0,0.07898259705488621,747.0
桑島孝春,22,0,2,0.0,0.0909090909090909,桑島孝春,0.0,8.0,0.0,14.0
桑村真明,123,2,8,0.016260162601626,0.065040650406504,桑村真明,0.012345679012345678,81.0,0.023809523809523808,42.0
桑田豊,1,0,0,0.0,0.0,桑田豊,,,0.0,1.0
桑野等,7,0,0,0.0,0.0,桑野等,0.0,3.0,0.0,4.0
桜井今朝,3,0,0,0.0,0.0,桜井今朝,0.0,2.0,0.0,1.0
桜井光輔,5,0,0,0.0,0.0,桜井光輔,0.0,2.0,0.0,3.0
桜井拓章,52,1,9,0.0192307692307692,0.173076923076923,桜井拓章,0.0,35.0,0.058823529411764705,17.0
桜井誠二,448,16,58,0.0357142857142857,0.1294642857142857,桜井誠二,0.04,275.0,0.028901734104046242,173.0
梅田守,105,6,9,0.0571428571428571,0.0857142857142857,梅田守,0.07547169811320754,53.0,0.038461538461538464,52.0
梅野信一,903,41,127,0.0454042081949058,0.1406423034330011,梅野信一,0.04753521126760563,568.0,0.041791044776119404,335.0
梶晃啓,2516,79,347,0.0313990461049284,0.1379173290937997,梶晃啓,0.030499075785582256,1082.0,0.03207810320781032,1434.0
森一馬,1524,106,287,0.0695538057742782,0.1883202099737533,森一馬,0.09977064220183486,872.0,0.029141104294478526,652.0
森下博,31,0,2,0.0,0.064516129032258,森下博,0.0,14.0,0.0,17.0
森勝義,130,2,10,0.0153846153846153,0.0769230769230769,森勝義,0.0,52.0,0.02564102564102564,78.0
森安輝正,944,50,153,0.0529661016949152,0.1620762711864407,森安輝正,0.055793991416309016,466.0,0.0502092050209205,478.0
森川一二,14,0,0,0.0,0.0,森川一二,0.0,9.0,0.0,5.0
森次男,240,8,39,0.0333333333333333,0.1625,森次男,0.03488372093023256,86.0,0.032467532467532464,154.0
森泰斗,181,10,26,0.0552486187845303,0.143646408839779,森泰斗,0.0379746835443038,79.0,0.06862745098039216,102.0
森田直哉,3,0,0,0.0,0.0,森田直哉,0.0,3.0,,
森裕太朗,1717,76,251,0.0442632498543972,0.1461852067559697,森裕太朗,0.021885521885521887,594.0,0.05609973285841496,1123.0
植野貴也,3319,235,757,0.0708044591744501,0.2280807472130159,植野貴也,0.07806191117092867,2229.0,0.05596330275229358,1090.0
楠孝志,740,61,212,0.0824324324324324,0.2864864864864865,楠孝志,0.08719346049046321,367.0,0.0777479892761394,373.0
榎伸彦,33,1,3,0.0303030303030303,0.0909090909090909,榎伸彦,0.037037037037037035,27.0,0.0,6.0
榎本貴行,1,0,0,0.0,0.0,榎本貴行,0.0,1.0,,
樋口弘,839,46,172,0.0548271752085816,0.2050059594755661,樋口弘,0.05336426914153132,431.0,0.056372549019607844,408.0
権藤学,3,0,0,0.0,0.0,権藤学,0.0,3.0,,
横山克彦,8,0,0,0.0,0.0,横山克彦,0.0,4.0,0.0,4.0
横山典弘,20301,2855,7405,0.1406334663317077,0.3647603566326782,横山典弘,0.12813877707494728,10434.0,0.15384615384615385,9867.0
横山和生,4031,209,620,0.0518481766311089,0.1538079880922848,横山和生,0.04732394366197183,1775.0,0.05540780141843971,2256.0
横山武史,2943,250,700,0.0849473326537546,0.237852531430513,横山武史,0.08461538461538462,1430.0,0.08526107072042301,1513.0
横山琉人,118,4,10,0.0338983050847457,0.0847457627118644,横山琉人,0.025,40.0,0.038461538461538464,78.0
横山義行,4264,242,745,0.0567542213883677,0.174718574108818,横山義行,0.06993603411513859,2345.0,0.04064616988014591,1919.0
横山誠,2,0,0,0.0,0.0,横山誠,0.0,2.0,,
横山賀一,3328,211,714,0.0634014423076923,0.2145432692307692,横山賀一,0.05893416927899686,1595.0,0.0675129832660127,1733.0
横山雄一,1433,73,243,0.0509420795533845,0.1695743196092114,横山雄一,0.05381727158948686,799.0,0.0473186119873817,634.0
横田吉光,1265,65,248,0.0513833992094861,0.1960474308300395,横田吉光,0.05089058524173028,786.0,0.05219206680584551,479.0
横田雅博,1405,57,162,0.0405693950177935,0.1153024911032028,横田雅博,0.0375,480.0,0.04216216216216216,925.0
橋口満朗,727,20,89,0.0275103163686382,0.1224209078404401,橋口満朗,0.0215311004784689,418.0,0.03559870550161812,309.0
橋尚也,1,0,0,0.0,0.0,橋尚也,,,0.0,1.0
橋本幸次,1,0,0,0.0,0.0,橋本幸次,0.0,1.0,,
橋本広喜,4663,371,1059,0.0795625134033883,0.2271070126527986,橋本広喜,0.08151326053042121,2564.0,0.0771796093377799,2099.0
橋本美純,4816,338,1061,0.0701827242524917,0.2203073089700996,橋本美純,0.06592564200843234,2609.0,0.07521522428636157,2207.0
武士沢友,10940,332,1295,0.0303473491773308,0.1183729433272395,武士沢友,0.028565556925606247,4866.0,0.031774777741191966,6074.0
武幸四郎,9087,693,2053,0.0762627930009904,0.2259271486739298,武幸四郎,0.07231188430098512,4771.0,0.08063021316033364,4316.0
武永祥,523,31,115,0.0592734225621414,0.2198852772466539,武永祥,0.056074766355140186,214.0,0.061488673139158574,309.0
武田悟,312,31,79,0.0993589743589743,0.2532051282051282,武田悟,0.08294930875576037,217.0,0.1368421052631579,95.0
武英智,1882,66,236,0.0350690754516471,0.1253985122210414,武英智,0.040082219938335044,973.0,0.0297029702970297,909.0
武藤善則,2848,154,558,0.0540730337078651,0.1959269662921348,武藤善則,0.05315379163713678,1411.0,0.054975643702157274,1437.0
武藤雅,2735,148,484,0.0541133455210237,0.1769652650822669,武藤雅,0.04863481228668942,1172.0,0.0582213691618682,1563.0
武豊,22926,4281,10053,0.1867312221931431,0.4384977754514525,武豊,0.18528676292651447,12397.0,0.18843194985278755,10529.0
水出大介,767,18,67,0.0234680573663624,0.0873533246414602,水出大介,0.031007751937984496,387.0,0.015789473684210527,380.0
水口優也,2131,58,227,0.027217268887846,0.1065227592679493,水口優也,0.025,760.0,0.028446389496717725,1371.0
水戸賢二,1,0,0,0.0,0.0,水戸賢二,0.0,1.0,,
水流添久,457,33,102,0.0722100656455142,0.2231947483588621,水流添久,0.09398496240601503,266.0,0.041884816753926704,191.0
水野貴史,107,1,6,0.0093457943925233,0.0560747663551401,水野貴史,0.0,47.0,0.016666666666666666,60.0
水野貴広,2815,102,383,0.036234458259325,0.136056838365897,水野貴広,0.0293896006028636,1327.0,0.04233870967741935,1488.0
永島まな,164,4,17,0.024390243902439,0.1036585365853658,永島まな,0.017543859649122806,57.0,0.028037383177570093,107.0
永島太郎,18,0,0,0.0,0.0,永島太郎,0.0,12.0,0.0,6.0
永森大智,8,1,1,0.125,0.125,永森大智,0.2,5.0,0.0,3.0
永野猛蔵,270,16,42,0.0592592592592592,0.1555555555555555,永野猛蔵,0.010101010101010102,99.0,0.08771929824561403,171.0
江川伸幸,1,0,0,0.0,0.0,江川伸幸,0.0,1.0,,
江田勇亮,1359,60,208,0.0441501103752759,0.1530537159676232,江田勇亮,0.04824120603015075,995.0,0.03296703296703297,364.0
江田照男,17340,942,3006,0.0543252595155709,0.173356401384083,江田照男,0.049894835241878946,8558.0,0.05864267820542018,8782.0
池上昌弘,132,8,18,0.0606060606060606,0.1363636363636363,池上昌弘,0.07142857142857142,70.0,0.04838709677419355,62.0
池崎祐介,435,5,17,0.0114942528735632,0.0390804597701149,池崎祐介,0.020100502512562814,199.0,0.00423728813559322,236.0
池添兼雄,255,40,98,0.1568627450980392,0.3843137254901961,池添兼雄,0.15748031496062992,254.0,0.0,1.0
池添謙一,13547,1261,3619,0.0930833394847567,0.2671440171255628,池添謙一,0.09590723055934516,7330.0,0.08975390059514235,6217.0
池田敏樹,1,0,0,0.0,0.0,池田敏樹,0.0,1.0,,
池田賀一,497,25,72,0.0503018108651911,0.1448692152917505,池田賀一,0.03571428571428571,280.0,0.06912442396313365,217.0
池田鉄平,2394,85,287,0.0355054302422723,0.1198830409356725,池田鉄平,0.02568351284175642,1207.0,0.04549283909014322,1187.0
池田雄彦,47,0,5,0.0,0.1063829787234042,池田雄彦,0.0,18.0,0.0,29.0
池谷匠翔,2,0,1,0.0,0.5,池谷匠翔,0.0,1.0,0.0,1.0
沖野耕二,1,0,0,0.0,0.0,沖野耕二,0.0,1.0,,
沢昭典,2531,138,478,0.0545239035954168,0.1888581588305017,沢昭典,0.05114503816793893,1310.0,0.05814905814905815,1221.0
沢田盛夫,18,0,0,0.0,0.0,沢田盛夫,0.0,16.0,0.0,2.0
沢田龍哉,3,0,0,0.0,0.0,沢田龍哉,0.0,3.0,,
河内洋,9276,1360,3487,0.1466149202242345,0.3759163432514014,河内洋,0.14629595073707782,5359.0,0.1470513147817207,3917.0
河北通,3105,205,620,0.0660225442834138,0.1996779388083736,河北通,0.06040268456375839,1192.0,0.06952430737062205,1913.0
河津徳幸,1,0,0,0.0,0.0,河津徳幸,0.0,1.0,,
河津裕昭,13,0,1,0.0,0.0769230769230769,河津裕昭,0.0,9.0,0.0,4.0
河端秀俊,3,0,0,0.0,0.0,河端秀俊,,,0.0,3.0
沼沢英知,8,0,0,0.0,0.0,沼沢英知,0.0,7.0,0.0,1.0
泉谷楓真,896,55,156,0.0613839285714285,0.1741071428571428,泉谷楓真,0.04859335038363171,391.0,0.07128712871287128,505.0
津曲幸夫,944,57,187,0.0603813559322033,0.198093220338983,津曲幸夫,0.05967741935483871,620.0,0.06172839506172839,324.0
津曲浩二,651,58,170,0.0890937019969278,0.261136712749616,津曲浩二,0.08,275.0,0.09574468085106383,376.0
津村明秀,9556,518,1852,0.0542067810799497,0.1938049393051486,津村明秀,0.054816606207174524,4962.0,0.05354810622551154,4594.0
津留千彰,1190,93,285,0.0781512605042016,0.2394957983193277,津留千彰,0.08062015503875969,645.0,0.07522935779816514,545.0
津野総夫,2,0,0,0.0,0.0,津野総夫,0.0,2.0,,
浜中俊,9886,1075,3062,0.108739631802549,0.3097309326320048,浜中俊,0.1070619335347432,5296.0,0.11067538126361656,4590.0
浜口楠彦,76,3,13,0.0394736842105263,0.1710526315789473,浜口楠彦,0.02127659574468085,47.0,0.06896551724137931,29.0
浜野谷憲,2890,169,607,0.058477508650519,0.2100346020761245,浜野谷憲,0.06055979643765903,1965.0,0.05405405405405406,925.0
深見明宏,9,0,0,0.0,0.0,深見明宏,0.0,2.0,0.0,7.0
清家義徳,2,0,1,0.0,0.5,清家義徳,0.0,1.0,0.0,1.0
清山宏明,2162,141,424,0.0652173913043478,0.1961147086031452,清山宏明,0.06157849089332177,1153.0,0.06937561942517344,1009.0
清水英次,1868,140,437,0.0749464668094218,0.2339400428265524,清水英次,0.07936507936507936,1197.0,0.06706408345752608,671.0
渋谷裕喜,44,0,7,0.0,0.1590909090909091,渋谷裕喜,0.0,31.0,0.0,13.0
渡瀬和幸,2,0,0,0.0,0.0,渡瀬和幸,0.0,1.0,0.0,1.0
渡辺壮,20,1,2,0.05,0.1,渡辺壮,0.1111111111111111,9.0,0.0,11.0
渡辺正彦,3,0,0,0.0,0.0,渡辺正彦,0.0,3.0,,
渡辺正治,8,0,0,0.0,0.0,渡辺正治,0.0,8.0,,
渡辺竜也,4,0,2,0.0,0.5,渡辺竜也,0.0,2.0,0.0,2.0
渡辺薫彦,7246,339,1166,0.0467844327905051,0.1609163676511178,渡辺薫彦,0.04332129963898917,3601.0,0.050205761316872426,3645.0
渡部秀一,344,18,84,0.0523255813953488,0.2441860465116279,渡部秀一,0.05232558139534884,344.0,,
湯前良人,1,0,0,0.0,0.0,湯前良人,0.0,1.0,,
湯浅淳一,1,0,0,0.0,0.0,湯浅淳一,,,0.0,1.0
湯窪幸雄,221,14,39,0.0633484162895927,0.1764705882352941,湯窪幸雄,0.07258064516129033,124.0,0.05154639175257732,97.0
満田英樹,1,0,0,0.0,0.0,満田英樹,,,0.0,1.0
溝橋秀吉,1235,85,250,0.068825910931174,0.2024291497975708,溝橋秀吉,0.0640625,640.0,0.07394957983193277,595.0
瀧川寿希,18,0,3,0.0,0.1666666666666666,瀧川寿希,0.0,8.0,0.0,10.0
瀬古正明,518,26,113,0.0501930501930501,0.2181467181467181,瀬古正明,0.05429864253393665,442.0,0.02631578947368421,76.0
熊木良介,2,0,0,0.0,0.0,熊木良介,0.0,2.0,,
熊沢重文,15041,1047,3265,0.0696097333953859,0.2170733328901004,熊沢重文,0.07804995196926033,8328.0,0.0591389840607776,6713.0
牧之瀬幸,711,56,179,0.0787623066104078,0.2517580872011252,牧之瀬幸,0.09671179883945841,517.0,0.030927835051546393,194.0
牧原由貴,815,34,106,0.0417177914110429,0.1300613496932515,牧原由貴,0.034055727554179564,323.0,0.046747967479674794,492.0
牧田和弥,2225,122,389,0.0548314606741573,0.1748314606741573,牧田和弥,0.05421184320266889,1199.0,0.05555555555555555,1026.0
牧野孝光,22,0,2,0.0,0.0909090909090909,牧野孝光,0.0,17.0,0.0,5.0
猿橋重利,2520,194,630,0.0769841269841269,0.25,猿橋重利,0.06954225352112677,1136.0,0.08309248554913294,1384.0
玉ノ井健,668,44,133,0.0658682634730539,0.1991017964071856,玉ノ井健,0.0646900269541779,371.0,0.06734006734006734,297.0
玉井智光,1075,55,183,0.0511627906976744,0.1702325581395349,玉井智光,0.034722222222222224,432.0,0.06220839813374806,643.0
玉谷峰男,388,20,75,0.0515463917525773,0.1932989690721649,玉谷峰男,0.06918238993710692,159.0,0.039301310043668124,229.0
生野賢一,1234,65,170,0.0526742301458671,0.1377633711507293,生野賢一,0.0539568345323741,556.0,0.051622418879056046,678.0
田中亮,172,5,15,0.0290697674418604,0.0872093023255814,田中亮,0.031914893617021274,94.0,0.02564102564102564,78.0
田中健,3156,150,479,0.0475285171102661,0.1517743979721166,田中健,0.0416036308623298,1322.0,0.05179934569247546,1834.0
田中克典,1504,41,189,0.0272606382978723,0.1256648936170212,田中克典,0.02694136291600634,631.0,0.027491408934707903,873.0
田中剛,4108,293,951,0.0713242453748782,0.2314995131450827,田中剛,0.09283713485394157,2499.0,0.03791174642635177,1609.0
田中力,1,0,0,0.0,0.0,田中力,0.0,1.0,,
田中勝春,20244,1797,5158,0.0887670420865441,0.2547915431732859,田中勝春,0.0907088122605364,10440.0,0.08669930640554875,9804.0
田中博康,3710,129,402,0.0347708894878706,0.1083557951482479,田中博康,0.03172924378635643,1891.0,0.03793293018141836,1819.0
田中学,324,9,22,0.0277777777777777,0.0679012345679012,田中学,0.02962962962962963,135.0,0.026455026455026454,189.0
田中浩晃,2,0,0,0.0,0.0,田中浩晃,0.0,2.0,,
田中清隆,551,45,134,0.0816696914700544,0.2431941923774954,田中清隆,0.0903010033444816,299.0,0.07142857142857142,252.0
田中直人,1,0,0,0.0,0.0,田中直人,0.0,1.0,,
田中純,2,0,1,0.0,0.5,田中純,0.0,2.0,,
田中道夫,15,2,5,0.1333333333333333,0.3333333333333333,田中道夫,0.09090909090909091,11.0,0.25,4.0
田之上幸,376,39,100,0.1037234042553191,0.2659574468085106,田之上幸,0.07482993197278912,147.0,0.1222707423580786,229.0
田原成貴,4959,573,1574,0.1155474894131881,0.317402702157693,田原成貴,0.10811881188118812,2525.0,0.12325390304026294,2434.0
田口光雄,83,5,28,0.0602409638554216,0.3373493975903614,田口光雄,0.041666666666666664,24.0,0.06779661016949153,59.0
田口大二,630,37,120,0.0587301587301587,0.1904761904761904,田口大二,0.07635467980295567,406.0,0.026785714285714284,224.0
田島信行,4083,347,1055,0.0849865295126132,0.2583884398726426,田島信行,0.08825944170771757,2436.0,0.08014571948998178,1647.0
田島良保,2050,212,635,0.1034146341463414,0.3097560975609756,田島良保,0.09576271186440678,1180.0,0.11379310344827587,870.0
田島裕和,3287,234,716,0.0711895345299665,0.2178278065104958,田島裕和,0.07060953530476766,1657.0,0.07177914110429448,1630.0
田嶋翔,2042,104,359,0.0509304603330068,0.1758080313418217,田嶋翔,0.04644808743169399,1098.0,0.05614406779661017,944.0
田所清広,244,14,56,0.0573770491803278,0.2295081967213114,田所清広,0.0743801652892562,121.0,0.04065040650406504,123.0
田所秀孝,1956,119,432,0.0608384458077709,0.2208588957055214,田所秀孝,0.05256064690026954,742.0,0.06589785831960461,1214.0
田春勇,3,0,0,0.0,0.0,田春勇,0.0,3.0,,
田村太雅,1173,31,140,0.0264279624893435,0.1193520886615515,田村太雅,0.021922428330522766,593.0,0.03103448275862069,580.0
田村宏之,1206,38,159,0.0315091210613598,0.1318407960199005,田村宏之,0.024714828897338403,526.0,0.03676470588235294,680.0
田村正光,2872,295,888,0.1027158774373259,0.309192200557103,田村正光,0.09376966645689112,1589.0,0.11379579111457522,1283.0
田村真来,429,9,37,0.0209790209790209,0.0862470862470862,田村真来,0.017964071856287425,167.0,0.022900763358778626,262.0
田辺弘,1,0,0,0.0,0.0,田辺弘,,,0.0,1.0
田辺裕信,11708,999,2974,0.0853262726340963,0.2540143491629655,田辺裕信,0.08109034801988685,5833.0,0.08953191489361702,5875.0
田部和広,1,0,0,0.0,0.0,田部和広,,,0.0,1.0
田野豊三,1,0,0,0.0,0.0,田野豊三,0.0,1.0,,
田面木博,6950,414,1408,0.059568345323741,0.2025899280575539,田面木博,0.06595419847328245,3275.0,0.053877551020408164,3675.0
町田俊夫,833,31,113,0.0372148859543817,0.1356542617046818,町田俊夫,0.03048780487804878,328.0,0.041584158415841586,505.0
町田直希,21,0,1,0.0,0.0476190476190476,町田直希,0.0,12.0,0.0,9.0
町田義一,921,50,172,0.0542888165038002,0.1867535287730727,町田義一,0.04221635883905013,379.0,0.06273062730627306,542.0
畑中久光,97,3,14,0.0309278350515463,0.1443298969072164,畑中久光,0.04878048780487805,41.0,0.017857142857142856,56.0
畑中信司,1,0,0,0.0,0.0,畑中信司,0.0,1.0,,
畑端省吾,1580,50,182,0.0316455696202531,0.1151898734177215,畑端省吾,0.019197207678883072,573.0,0.038728897715988087,1007.0
畠山信一,1,0,0,0.0,0.0,畠山信一,0.0,1.0,,
白坂宗治,206,19,55,0.0922330097087378,0.2669902912621359,白坂宗治,0.09722222222222222,72.0,0.08955223880597014,134.0
白坂聡,1126,54,173,0.0479573712255772,0.1536412078152753,白坂聡,0.04160246533127889,649.0,0.05660377358490566,477.0
白坂芳文,1,0,0,0.0,0.0,白坂芳文,0.0,1.0,,
白浜雄造,1913,152,461,0.0794563512807109,0.2409827496079456,白浜雄造,0.09925373134328358,1340.0,0.03315881326352531,573.0
白谷正美,2,0,0,0.0,0.0,白谷正美,0.0,1.0,0.0,1.0
的場勇人,3920,175,521,0.0446428571428571,0.1329081632653061,的場勇人,0.046524064171122995,1870.0,0.042926829268292686,2050.0
的場均,8444,992,2774,0.11747986736144,0.3285172903837044,的場均,0.11785297549591599,4285.0,0.1170954556383746,4159.0
的場文男,132,4,17,0.0303030303030303,0.1287878787878787,的場文男,0.030303030303030304,66.0,0.030303030303030304,66.0
的場直之,2,0,0,0.0,0.0,的場直之,0.0,1.0,0.0,1.0
目野哲也,65,2,14,0.0307692307692307,0.2153846153846154,目野哲也,0.0,27.0,0.05263157894736842,38.0
目黒正徳,65,2,13,0.0307692307692307,0.2,目黒正徳,0.0,19.0,0.043478260869565216,46.0
真島大輔,67,0,3,0.0,0.044776119402985,真島大輔,0.0,28.0,0.0,39.0
真島正徳,100,3,8,0.03,0.08,真島正徳,0.030303030303030304,66.0,0.029411764705882353,34.0
矢内博,2,0,0,0.0,0.0,矢内博,0.0,1.0,0.0,1.0
矢原洋一,964,18,73,0.0186721991701244,0.0757261410788381,矢原洋一,0.013539651837524178,517.0,0.024608501118568233,447.0
矢菅清志,2,0,0,0.0,0.0,矢菅清志,0.0,1.0,0.0,1.0
矢野貴之,11,0,0,0.0,0.0,矢野貴之,0.0,3.0,0.0,8.0
石井久治,3,0,0,0.0,0.0,石井久治,0.0,3.0,,
石井勝男,16,0,1,0.0,0.0625,石井勝男,0.0,5.0,0.0,11.0
石堂響,3,0,0,0.0,0.0,石堂響,0.0,2.0,0.0,1.0
石塚信広,578,33,114,0.0570934256055363,0.1972318339100346,石塚信広,0.05555555555555555,306.0,0.058823529411764705,272.0
石山繁,1996,92,314,0.0460921843687374,0.157314629258517,石山繁,0.04611923509561305,889.0,0.04607046070460705,1107.0
石崎隆之,1088,74,217,0.0680147058823529,0.1994485294117647,石崎隆之,0.04504504504504504,555.0,0.09193245778611632,533.0
石崎駿,44,0,3,0.0,0.0681818181818181,石崎駿,0.0,22.0,0.0,22.0
石川倭,43,1,5,0.0232558139534883,0.1162790697674418,石川倭,0.037037037037037035,27.0,0.0,16.0
石川夏子,3,0,1,0.0,0.3333333333333333,石川夏子,0.0,3.0,,
石川慎将,5,0,0,0.0,0.0,石川慎将,0.0,5.0,,
石川浩文,2,0,0,0.0,0.0,石川浩文,0.0,2.0,,
石川裕紀,3829,194,625,0.0506659702272133,0.1632279968660224,石川裕紀,0.04988789237668161,1784.0,0.05134474327628362,2045.0
石橋守,9110,448,1582,0.0491767288693743,0.173655323819978,石橋守,0.045535317636605954,4502.0,0.052734375,4608.0
石橋脩,11357,755,2371,0.0664788236330016,0.2087699216342343,石橋脩,0.06686981547316743,5907.0,0.06605504587155964,5450.0
石神富士,604,25,128,0.0413907284768211,0.2119205298013245,石神富士,0.03968253968253968,252.0,0.04261363636363636,352.0
石神深一,3556,162,592,0.045556805399325,0.1664791901012373,石神深一,0.055970149253731345,2144.0,0.029745042492917848,1412.0
福元弘二,1,0,0,0.0,0.0,福元弘二,0.0,1.0,,
福原杏,2,0,0,0.0,0.0,福原杏,0.0,1.0,0.0,1.0
福有稔,101,14,31,0.1386138613861386,0.3069306930693069,福有稔,0.08823529411764706,34.0,0.16417910447761194,67.0
福永祐一,18510,2475,6507,0.1337115072933549,0.3515397082658023,福永祐一,0.14212944466640032,10012.0,0.12379383384325723,8498.0
福重正吾,2,0,0,0.0,0.0,福重正吾,0.0,2.0,,
秋元耕成,1,0,0,0.0,0.0,秋元耕成,,,0.0,1.0
秋山忠一,431,66,159,0.1531322505800464,0.3689095127610209,秋山忠一,0.13526570048309178,207.0,0.16964285714285715,224.0
秋山真一,12815,1014,3046,0.0791260241904018,0.2376902067889192,秋山真一,0.07440695447178429,6787.0,0.08443928334439284,6028.0
秋山稔樹,735,39,120,0.0530612244897959,0.1632653061224489,秋山稔樹,0.03785488958990536,317.0,0.0645933014354067,418.0
秋田大助,6,0,0,0.0,0.0,秋田大助,0.0,4.0,0.0,2.0
秋田実,4,0,0,0.0,0.0,秋田実,0.0,2.0,0.0,2.0
稲葉的海,145,5,25,0.0344827586206896,0.1724137931034483,稲葉的海,0.0136986301369863,73.0,0.05555555555555555,72.0
穂苅寿彦,1483,94,288,0.0633850303438975,0.1942009440323668,穂苅寿彦,0.06906906906906907,999.0,0.05165289256198347,484.0
竹下太,3,1,1,0.3333333333333333,0.3333333333333333,竹下太,0.0,1.0,0.5,2.0
竹之下智,2100,93,297,0.0442857142857142,0.1414285714285714,竹之下智,0.03393939393939394,825.0,0.050980392156862744,1275.0
竹内仁志,12,0,2,0.0,0.1666666666666666,竹内仁志,0.0,7.0,0.0,5.0
竹原啓二,1033,141,399,0.1364956437560503,0.3862536302032914,竹原啓二,0.129973474801061,754.0,0.15412186379928317,279.0
竹吉徹,3,0,0,0.0,0.0,竹吉徹,0.0,2.0,0.0,1.0
竹本貴志,14,1,1,0.0714285714285714,0.0714285714285714,竹本貴志,0.0,2.0,0.08333333333333333,12.0
竹村達也,1,0,0,0.0,0.0,竹村達也,0.0,1.0,,
笹川翼,49,0,4,0.0,0.0816326530612244,笹川翼,0.0,22.0,0.0,27.0
笹木美典,2,0,0,0.0,0.0,笹木美典,0.0,1.0,0.0,1.0
筒井勇介,48,0,3,0.0,0.0625,筒井勇介,0.0,25.0,0.0,23.0
篠原茂,1218,54,196,0.0443349753694581,0.160919540229885,篠原茂,0.03773584905660377,530.0,0.04941860465116279,688.0
米倉知,6,0,0,0.0,0.0,米倉知,0.0,4.0,0.0,2.0
米山哲郎,12,0,0,0.0,0.0,米山哲郎,0.0,5.0,0.0,7.0
米川昇,52,0,8,0.0,0.1538461538461538,米川昇,0.0,35.0,0.0,17.0
米田幸治,1,0,0,0.0,0.0,米田幸治,,,0.0,1.0
米田弘一,7,0,0,0.0,0.0,米田弘一,0.0,6.0,0.0,1.0
米田真由,2,0,0,0.0,0.0,米田真由,0.0,1.0,0.0,1.0
納谷和玖,2,0,0,0.0,0.0,納谷和玖,0.0,1.0,0.0,1.0
細原邦央,1,0,0,0.0,0.0,細原邦央,0.0,1.0,,
細川勉,1,0,0,0.0,0.0,細川勉,,,0.0,1.0
細川智史,2,0,0,0.0,0.0,細川智史,0.0,1.0,0.0,1.0
細川英二,1508,103,322,0.0683023872679045,0.2135278514588859,細川英二,0.059574468085106386,705.0,0.0759651307596513,803.0
細江純子,488,14,55,0.0286885245901639,0.1127049180327868,細江純子,0.04072398190045249,221.0,0.018726591760299626,267.0
繁田健一,37,2,6,0.054054054054054,0.1621621621621621,繁田健一,0.043478260869565216,23.0,0.07142857142857142,14.0
義英真,2247,63,239,0.02803738317757,0.1063640409434801,義英真,0.021251475796930343,847.0,0.03214285714285714,1400.0
臼井健太,2,0,0,0.0,0.0,臼井健太,0.0,1.0,0.0,1.0
臼井武,437,67,185,0.1533180778032036,0.4233409610983982,臼井武,0.1571072319201995,401.0,0.1111111111111111,36.0
船曳文士,631,20,63,0.0316957210776545,0.0998415213946117,船曳文士,0.03940886699507389,203.0,0.028037383177570093,428.0
花本正三,3,0,0,0.0,0.0,花本正三,0.0,2.0,0.0,1.0
花松進,186,9,52,0.0483870967741935,0.2795698924731182,花松進,0.05555555555555555,90.0,0.041666666666666664,96.0
花田大昂,676,11,42,0.0162721893491124,0.0621301775147929,花田大昂,0.0043859649122807015,228.0,0.022321428571428572,448.0
芹沢純一,8295,630,1864,0.0759493670886076,0.224713682941531,芹沢純一,0.07558989350595113,4789.0,0.0764403879064461,3506.0
茂呂菊次,53,0,3,0.0,0.0566037735849056,茂呂菊次,0.0,38.0,0.0,15.0
草野太郎,1329,49,172,0.036869826937547,0.1294206170052671,草野太郎,0.04187946884576098,979.0,0.022857142857142857,350.0
荒井三千,6,0,0,0.0,0.0,荒井三千,0.0,5.0,0.0,1.0
荒山勝徳,3,0,0,0.0,0.0,荒山勝徳,0.0,2.0,0.0,1.0
荒巻透,2,0,0,0.0,0.0,荒巻透,,,0.0,2.0
荻野極,2770,143,466,0.051624548736462,0.1682310469314079,荻野極,0.04876219054763691,1333.0,0.054279749478079335,1437.0
荻野琢真,3207,131,437,0.0408481446835048,0.1362644215777985,荻野琢真,0.04221453287197232,1445.0,0.039727582292849034,1762.0
荻野要,1153,45,162,0.039028620988725,0.1405030355594102,荻野要,0.025594149908592323,547.0,0.05115511551155116,606.0
菅原俊吏,6,0,0,0.0,0.0,菅原俊吏,0.0,4.0,0.0,2.0
菅原勲,313,16,53,0.0511182108626198,0.1693290734824281,菅原勲,0.06321839080459771,174.0,0.03597122302158273,139.0
菅原幸弘,1,0,0,0.0,0.0,菅原幸弘,0.0,1.0,,
菅原明良,1586,102,324,0.0643127364438839,0.2042875157629256,菅原明良,0.06976744186046512,731.0,0.05964912280701754,855.0
菅原泰夫,2036,239,685,0.1173870333988212,0.3364440078585461,菅原泰夫,0.1155516941789748,1151.0,0.11977401129943503,885.0
菅原辰徳,1,0,0,0.0,0.0,菅原辰徳,0.0,1.0,,
菅原隆一,1087,21,76,0.0193192272309107,0.0699172033118675,菅原隆一,0.0053475935828877,374.0,0.02664796633941094,713.0
菅原隆明,1479,83,268,0.0561189993238674,0.1812035158891142,菅原隆明,0.05057803468208093,692.0,0.060991105463786534,787.0
菅原雅文,3,0,0,0.0,0.0,菅原雅文,0.0,2.0,0.0,1.0
菅沼輝正,7,1,1,0.1428571428571428,0.1428571428571428,菅沼輝正,0.16666666666666666,6.0,0.0,1.0
菅谷正巳,2400,220,588,0.0916666666666666,0.245,菅谷正巳,0.07013574660633484,884.0,0.10422163588390501,1516.0
菅野昭夫,590,39,128,0.0661016949152542,0.2169491525423728,菅野昭夫,0.059375,320.0,0.07407407407407407,270.0
菅野澄男,10,0,1,0.0,0.1,菅野澄男,0.0,5.0,0.0,5.0
菊地昇吾,2239,104,380,0.0464493077266636,0.1697186243858865,菊地昇吾,0.037871033776867964,977.0,0.05309033280507131,1262.0
菊川正達,849,39,148,0.0459363957597173,0.1743227326266195,菊川正達,0.03636363636363636,440.0,0.05623471882640587,409.0
菊池憲太,393,7,37,0.0178117048346055,0.094147582697201,菊池憲太,0.018867924528301886,212.0,0.016574585635359115,181.0
菊沢一樹,2518,85,313,0.0337569499602859,0.1243050039714058,菊沢一樹,0.029097963142580018,1031.0,0.03698722259583053,1487.0
菊沢隆仁,2858,145,559,0.0507347795661301,0.195591322603219,菊沢隆仁,0.042993630573248405,1256.0,0.0568039950062422,1602.0
菊沢隆徳,9446,639,2074,0.0676476815583315,0.2195638365445691,菊沢隆徳,0.06534375626378032,4989.0,0.07022660982723805,4457.0
菱田裕二,5531,362,1073,0.0654492858434279,0.1939974688121497,菱田裕二,0.05867709815078236,2812.0,0.07245310776020596,2719.0
落合玄太,12,0,1,0.0,0.0833333333333333,落合玄太,0.0,7.0,0.0,5.0
葛山晃平,1,0,0,0.0,0.0,葛山晃平,0.0,1.0,,
蓑島靖典,1486,66,223,0.044414535666218,0.1500672947510094,蓑島靖典,0.04791481810115351,1127.0,0.033426183844011144,359.0
蓑田早人,2038,146,467,0.071638861629048,0.2291462217860647,蓑田早人,0.058174523570712136,997.0,0.0845341018251681,1041.0
蔵重浩一,11,0,0,0.0,0.0,蔵重浩一,0.0,6.0,0.0,5.0
藤井勘一,1003,40,140,0.0398803589232303,0.139581256231306,藤井勘一,0.0400890868596882,449.0,0.039711191335740074,554.0
藤井正輝,1286,46,125,0.0357698289269051,0.0972006220839813,藤井正輝,0.03322259136212625,602.0,0.038011695906432746,684.0
藤倉寛幸,25,1,4,0.04,0.16,藤倉寛幸,0.0,17.0,0.125,8.0
藤原哲朗,470,34,95,0.0723404255319148,0.202127659574468,藤原哲朗,0.0859375,384.0,0.011627906976744186,86.0
藤原幹生,9,0,0,0.0,0.0,藤原幹生,0.0,7.0,0.0,2.0
藤原良一,1,0,0,0.0,0.0,藤原良一,0.0,1.0,,
藤原英幸,2969,165,505,0.0555742674301111,0.1700909397103401,藤原英幸,0.0494047619047619,1680.0,0.06361520558572537,1289.0
藤岡佑介,10354,894,2678,0.0863434421479621,0.2586440023179447,藤岡佑介,0.08397506417308398,5454.0,0.08897959183673469,4900.0
藤岡康太,8894,643,1989,0.0722959298403418,0.2236339105014616,藤岡康太,0.06991568990335184,4863.0,0.07516745224510048,4031.0
藤川洋一,6,0,0,0.0,0.0,藤川洋一,0.0,6.0,,
藤懸貴志,3030,100,364,0.033003300330033,0.1201320132013201,藤懸貴志,0.02675059008654603,1271.0,0.03752131893121091,1759.0
藤江昭徳,2,0,1,0.0,0.5,藤江昭徳,,,0.0,2.0
藤田伸二,15219,1918,4984,0.1260266771798409,0.327485380116959,藤田伸二,0.1219172884785633,7907.0,0.13047045951859956,7312.0
藤田弘治,10,1,1,0.1,0.1,藤田弘治,0.1111111111111111,9.0,0.0,1.0
藤田菜七,2817,137,398,0.0486332978345757,0.1412850550230742,藤田菜七,0.04378980891719745,1256.0,0.05253042921204356,1561.0
蛯名信広,1201,80,284,0.0666111573688592,0.2364696086594504,蛯名信広,0.07087628865979381,776.0,0.058823529411764705,425.0
蛯名利弘,1173,85,233,0.072463768115942,0.1986359761295822,蛯名利弘,0.06751824817518248,548.0,0.0768,625.0
蛯名正義,21115,2541,6788,0.1203409898176651,0.3214776225432157,蛯名正義,0.125682098222144,11362.0,0.1141187326976315,9753.0
蛯沢誠治,4856,398,1216,0.0819604612850082,0.2504118616144975,蛯沢誠治,0.08095061269959153,2693.0,0.08321775312066575,2163.0
西原玲奈,588,17,40,0.0289115646258503,0.0680272108843537,西原玲奈,0.019011406844106463,263.0,0.036923076923076927,325.0
西園正都,2223,142,492,0.0638776428250112,0.2213225371120108,西園正都,0.057705840957072485,1421.0,0.07481296758104738,802.0
西康志,4,0,0,0.0,0.0,西康志,0.0,3.0,0.0,1.0
西村太一,1813,63,207,0.0347490347490347,0.1141753998896856,西村太一,0.029177718832891247,754.0,0.03871576959395656,1059.0
西村栄喜,3,0,0,0.0,0.0,西村栄喜,0.0,3.0,,
西村淳也,2148,156,486,0.0726256983240223,0.2262569832402234,西村淳也,0.08234126984126984,1008.0,0.06403508771929825,1140.0
西橋昇,622,35,130,0.0562700964630225,0.2090032154340836,西橋昇,0.0391304347826087,230.0,0.0663265306122449,392.0
西橋豊治,233,9,43,0.03862660944206,0.1845493562231759,西橋豊治,0.03875968992248062,129.0,0.038461538461538464,104.0
西浦勝一,3172,294,867,0.0926860025220681,0.2733291298865069,西浦勝一,0.07974010632014177,1693.0,0.1075050709939148,1479.0
西田雄一,6744,224,773,0.033214709371293,0.1146204033214709,西田雄一,0.03559870550161812,3399.0,0.030792227204783258,3345.0
西谷凜,77,3,11,0.0389610389610389,0.1428571428571428,西谷凜,0.13333333333333333,15.0,0.016129032258064516,62.0
西谷誠,1721,211,524,0.1226031377106333,0.304474142940151,西谷誠,0.1368124118476728,1418.0,0.056105610561056105,303.0
西谷達男,1,0,0,0.0,0.0,西谷達男,0.0,1.0,,
見沢譲治,36,0,4,0.0,0.1111111111111111,見沢譲治,0.0,20.0,0.0,16.0
見附正徳,8,0,0,0.0,0.0,見附正徳,0.0,2.0,0.0,6.0
角川秀樹,7,0,0,0.0,0.0,角川秀樹,0.0,4.0,0.0,3.0
角田大和,283,12,54,0.0424028268551236,0.1908127208480565,角田大和,0.039603960396039604,101.0,0.04395604395604396,182.0
角田晃一,8299,713,2084,0.0859139655380166,0.2511145921195324,角田晃一,0.09506172839506173,4860.0,0.07298633323640594,3439.0
谷中公一,2222,140,433,0.063006300630063,0.1948694869486948,谷中公一,0.06536502546689305,1178.0,0.0603448275862069,1044.0
谷川真生,2,0,0,0.0,0.0,谷川真生,0.0,2.0,,
赤岡修次,28,2,3,0.0714285714285714,0.1071428571428571,赤岡修次,0.06666666666666667,15.0,0.07692307692307693,13.0
赤木高太,3706,196,637,0.0528872099298435,0.1718834322719913,赤木高太,0.045477513895907026,1979.0,0.061378112333526344,1727.0
赤羽秀男,202,15,43,0.0742574257425742,0.2128712871287128,赤羽秀男,0.06896551724137931,87.0,0.0782608695652174,115.0
赤見千尋,2,0,0,0.0,0.0,赤見千尋,0.0,1.0,0.0,1.0
達城龍次,4,0,0,0.0,0.0,達城龍次,0.0,1.0,0.0,3.0
那須孝一,263,10,43,0.0380228136882129,0.1634980988593156,那須孝一,0.04716981132075472,106.0,0.03184713375796178,157.0
郷原洋司,7235,281,1065,0.0388389771941948,0.1472011057360055,郷原洋司,0.036471321695760596,3208.0,0.040725105537621056,4027.0
郷原洋行,2328,200,620,0.0859106529209622,0.2663230240549828,郷原洋行,0.07017543859649122,1140.0,0.10101010101010101,1188.0
郷間勇太,1,0,0,0.0,0.0,郷間勇太,0.0,1.0,,
酒井作男,1,0,0,0.0,0.0,酒井作男,0.0,1.0,,
酒井健二,398,25,85,0.0628140703517587,0.2135678391959799,酒井健二,0.04285714285714286,210.0,0.0851063829787234,188.0
酒井学,8687,369,1325,0.0424772648785541,0.1525267641303096,酒井学,0.041121939624435465,4207.0,0.04375,4480.0
酒井忍,48,0,1,0.0,0.0208333333333333,酒井忍,0.0,24.0,0.0,24.0
酒井浩,918,65,209,0.0708061002178649,0.2276688453159041,酒井浩,0.09261939218523878,691.0,0.004405286343612335,227.0
酒井章,2,0,0,0.0,0.0,酒井章,0.0,1.0,0.0,1.0
野中悠太,3053,74,317,0.0242384539796921,0.1038322961021945,野中悠太,0.022222222222222223,1215.0,0.025571273122959738,1838.0
野元昭嘉,5683,238,843,0.0418792891078655,0.1483371458736583,野元昭嘉,0.04098915989159892,2952.0,0.04284145001830831,2731.0
野崎孝仁,152,3,9,0.0197368421052631,0.0592105263157894,野崎孝仁,0.046875,64.0,0.0,88.0
野崎武司,10,0,1,0.0,0.1,野崎武司,0.0,9.0,0.0,1.0
野沢憲彦,1,0,0,0.0,0.0,野沢憲彦,0.0,1.0,,
野澤憲彦,3,0,0,0.0,0.0,野澤憲彦,0.0,2.0,0.0,1.0
金井正幸,22,0,0,0.0,0.0,金井正幸,0.0,11.0,0.0,11.0
金子光希,1462,75,263,0.0512995896032831,0.179890560875513,金子光希,0.05947955390334572,1076.0,0.02849740932642487,386.0
金子正彦,7,0,0,0.0,0.0,金子正彦,0.0,5.0,0.0,2.0
金山昇馬,2,0,0,0.0,0.0,金山昇馬,0.0,1.0,0.0,1.0
金折知則,2952,130,468,0.0440379403794037,0.1585365853658536,金折知則,0.04817788758492897,1619.0,0.03900975243810953,1333.0
鈴木勇,559,37,134,0.0661896243291592,0.2397137745974955,鈴木勇,0.0855106888361045,421.0,0.007246376811594203,138.0
鈴木勝,1,0,0,0.0,0.0,鈴木勝,0.0,1.0,,
鈴木啓之,27,0,2,0.0,0.074074074074074,鈴木啓之,0.0,19.0,0.0,8.0
鈴木寿,1407,93,322,0.0660980810234541,0.2288557213930348,鈴木寿,0.06139315230224321,847.0,0.07321428571428572,560.0
鈴木慶太,567,12,56,0.0211640211640211,0.0987654320987654,鈴木慶太,0.021505376344086023,372.0,0.020512820512820513,195.0
鈴木春雄,1,0,0,0.0,0.0,鈴木春雄,0.0,1.0,,
鈴木正,11,0,0,0.0,0.0,鈴木正,0.0,7.0,0.0,4.0
鈴木祐,2,0,0,0.0,0.0,鈴木祐,0.0,1.0,0.0,1.0
鈴木純児,4,1,1,0.25,0.25,鈴木純児,0.25,4.0,,
鈴木義久,3,0,0,0.0,0.0,鈴木義久,0.0,1.0,0.0,2.0
鈴来直人,2398,92,308,0.0383653044203502,0.128440366972477,鈴来直人,0.034830430797433545,1091.0,0.041315990818668706,1307.0
鍜治谷誠,370,10,60,0.027027027027027,0.1621621621621621,鍜治谷誠,0.029411764705882353,204.0,0.024096385542168676,166.0
鎌田光也,4,0,0,0.0,0.0,鎌田光也,,,0.0,4.0
長山光則,6,0,0,0.0,0.0,長山光則,0.0,4.0,0.0,2.0
長岡禎仁,2202,68,229,0.030881017257039,0.1039963669391462,長岡禎仁,0.024416135881104035,942.0,0.03571428571428571,1260.0
長峰一弘,596,25,105,0.0419463087248322,0.1761744966442953,長峰一弘,0.04491017964071856,334.0,0.03816793893129771,262.0
長嶋和彦,1,0,0,0.0,0.0,長嶋和彦,0.0,1.0,,
長嶋新八,3,0,0,0.0,0.0,長嶋新八,,,0.0,3.0
長橋秀樹,12,0,0,0.0,0.0,長橋秀樹,0.0,11.0,0.0,1.0
長田進仁,5,0,0,0.0,0.0,長田進仁,0.0,4.0,0.0,1.0
長谷川太,3,0,0,0.0,0.0,長谷川太,0.0,2.0,0.0,1.0
長谷川浩,3971,213,653,0.0536388818937295,0.1644422059934525,長谷川浩,0.05957656326932546,2031.0,0.04742268041237113,1940.0
長谷部駿,5,0,1,0.0,0.2,長谷部駿,0.0,2.0,0.0,3.0
関口睦介,904,53,191,0.0586283185840708,0.2112831858407079,関口睦介,0.061752988047808766,502.0,0.05472636815920398,402.0
関本浩司,5,0,1,0.0,0.2,関本浩司,0.0,5.0,,
関本淳,8,0,0,0.0,0.0,関本淳,0.0,3.0,0.0,5.0
関本秀幸,7,0,0,0.0,0.0,関本秀幸,0.0,6.0,0.0,1.0
関野弘行,709,36,116,0.0507757404795486,0.1636107193229901,関野弘行,0.05301204819277108,415.0,0.047619047619047616,294.0
阪上忠匡,4,0,0,0.0,0.0,阪上忠匡,0.0,3.0,0.0,1.0
阪野学,10,0,0,0.0,0.0,阪野学,0.0,8.0,0.0,2.0
阿部英俊,28,0,4,0.0,0.1428571428571428,阿部英俊,0.0,16.0,0.0,12.0
阿部龍,26,1,2,0.0384615384615384,0.0769230769230769,阿部龍,0.0,21.0,0.2,5.0
陶文峰,1,0,0,0.0,0.0,陶文峰,0.0,1.0,,
難波剛健,2154,109,374,0.0506035283194057,0.1736304549675023,難波剛健,0.05734767025089606,1395.0,0.03820816864295125,759.0
青山裕一,2,0,0,0.0,0.0,青山裕一,0.0,2.0,,
青木芳之,1821,106,323,0.058209774848984,0.1773750686436024,青木芳之,0.05653710247349823,849.0,0.059670781893004114,972.0
青木達彦,7,0,1,0.0,0.1428571428571428,青木達彦,0.0,6.0,0.0,1.0
音無秀孝,576,30,104,0.0520833333333333,0.1805555555555555,音無秀孝,0.04381443298969072,388.0,0.06914893617021277,188.0
須崎昇,558,36,107,0.064516129032258,0.1917562724014337,須崎昇,0.08064516129032258,372.0,0.03225806451612903,186.0
須田英之,5,0,0,0.0,0.0,須田英之,0.0,4.0,0.0,1.0
須貝尚介,3999,288,901,0.0720180045011252,0.2253063265816454,須貝尚介,0.07879843273835438,2297.0,0.06286721504112809,1702.0
頼本盛行,2,0,0,0.0,0.0,頼本盛行,0.0,2.0,,
飯泉之男,2,0,0,0.0,0.0,飯泉之男,,,0.0,2.0
飯田明弘,550,43,155,0.0781818181818181,0.2818181818181818,飯田明弘,0.0784313725490196,255.0,0.07796610169491526,295.0
飯田祐史,5934,380,1199,0.0640377485675766,0.2020559487698011,飯田祐史,0.06152805949966193,2958.0,0.06653225806451613,2976.0
馬渕繁治,18,1,2,0.0555555555555555,0.1111111111111111,馬渕繁治,0.0,11.0,0.14285714285714285,7.0
高井彰大,841,31,116,0.0368608799048751,0.1379310344827586,高井彰大,0.03283582089552239,335.0,0.039525691699604744,506.0
高倉稜,5596,232,732,0.041458184417441,0.130807719799857,高倉稜,0.038700255567725446,2739.0,0.04410220511025551,2857.0
高山伸一,2,0,0,0.0,0.0,高山伸一,0.0,2.0,,
高山吉司,46,1,6,0.0217391304347826,0.1304347826086956,高山吉司,0.0,18.0,0.03571428571428571,28.0
高山太郎,3923,142,527,0.0361967881723171,0.1343359673719092,高山太郎,0.02974186307519641,1782.0,0.04156936011209715,2141.0
高山裕,197,6,41,0.0304568527918781,0.2081218274111675,高山裕,0.036036036036036036,111.0,0.023255813953488372,86.0
高崎詠三,178,10,31,0.0561797752808988,0.1741573033707865,高崎詠三,0.08433734939759036,83.0,0.031578947368421054,95.0
高嶋活士,240,0,10,0.0,0.0416666666666666,高嶋活士,0.0,115.0,0.0,125.0
高市圭二,235,10,37,0.0425531914893617,0.1574468085106383,高市圭二,0.043859649122807015,114.0,0.04132231404958678,121.0
高木健,2,0,0,0.0,0.0,高木健,0.0,2.0,,
高松亮,5,0,0,0.0,0.0,高松亮,0.0,4.0,0.0,1.0
高橋三郎,1,0,0,0.0,0.0,高橋三郎,0.0,1.0,,
高橋亮,4510,305,949,0.0676274944567627,0.2104212860310421,高橋亮,0.06942215088282504,2492.0,0.06541129831516353,2018.0
高橋和宏,4,0,1,0.0,0.25,高橋和宏,0.0,2.0,0.0,2.0
高橋康之,1382,57,216,0.0412445730824891,0.1562952243125904,高橋康之,0.041979010494752625,667.0,0.04055944055944056,715.0
高橋悠里,1,0,0,0.0,0.0,高橋悠里,0.0,1.0,,
高橋文雄,5,0,0,0.0,0.0,高橋文雄,0.0,2.0,0.0,3.0
高橋明,1396,49,179,0.0351002865329512,0.1282234957020057,高橋明,0.02607361963190184,652.0,0.043010752688172046,744.0
高橋智大,1423,46,171,0.0323260716795502,0.1201686577652846,高橋智大,0.03467406380027739,721.0,0.029914529914529916,702.0
高橋隆,144,13,41,0.0902777777777777,0.2847222222222222,高橋隆,0.09090909090909091,99.0,0.08888888888888889,45.0
高田潤,2253,183,475,0.081225033288948,0.2108300044385264,高田潤,0.10727141828653708,1389.0,0.03935185185185185,864.0
高砂哲二,3,0,0,0.0,0.0,高砂哲二,0.0,3.0,,
高野和馬,1144,26,114,0.0227272727272727,0.0996503496503496,高野和馬,0.028537455410225922,841.0,0.006600660066006601,303.0
高野容輔,1440,50,185,0.0347222222222222,0.1284722222222222,高野容輔,0.03089887640449438,712.0,0.038461538461538464,728.0
高馬元紘,2,0,0,0.0,0.0,高馬元紘,,,0.0,2.0
鮫島克也,576,30,93,0.0520833333333333,0.1614583333333333,鮫島克也,0.05585106382978723,376.0,0.045,200.0
鮫島克駿,3971,249,830,0.0627046084109796,0.209015361369932,鮫島克駿,0.059481443823080835,1967.0,0.0658682634730539,2004.0
鮫島良太,5952,306,974,0.0514112903225806,0.1636424731182795,鮫島良太,0.04660587639311044,2961.0,0.05616850551654965,2991.0
鴨宮祥行,3,0,0,0.0,0.0,鴨宮祥行,0.0,2.0,0.0,1.0
鷹見浩,1,0,0,0.0,0.0,鷹見浩,0.0,1.0,,
鷹野宏史,388,6,27,0.0154639175257731,0.0695876288659793,鷹野宏史,0.0,165.0,0.026905829596412557,223.0
鹿戸雄一,5017,313,970,0.0623878812039067,0.193342635040861,鹿戸雄一,0.055489021956087826,2505.0,0.06926751592356688,2512.0
黒岩悠,1475,57,191,0.0386440677966101,0.1294915254237288,黒岩悠,0.043149946062567425,927.0,0.03102189781021898,548.0
黒沢愛斗,2,0,0,0.0,0.0,黒沢愛斗,0.0,1.0,0.0,1.0
黒澤愛斗,1,0,0,0.0,0.0,黒澤愛斗,0.0,1.0,,
黛幸弘,544,28,125,0.0514705882352941,0.2297794117647058,黛幸弘,0.051094890510948905,274.0,0.05185185185185185,270.0
黛弘人,5206,165,628,0.0316941990011525,0.120630042258932,黛弘人,0.033229085222830336,2558.0,0.030211480362537766,2648.0
Ｃデムー,19,0,5,0.0,0.2631578947368421,Ｃデムー,0.0,7.0,0.0,12.0
Ｃ．デム,861,132,350,0.1533101045296167,0.4065040650406504,Ｃ．デム,0.14888888888888888,450.0,0.15815085158150852,411.0
Ｍデムー,1645,231,588,0.1404255319148936,0.3574468085106383,Ｍデムー,0.15591397849462366,744.0,0.12763596004439512,901.0
Ｍ．デム,4491,832,1965,0.1852594077042975,0.4375417501670006,Ｍ．デム,0.19520419632821281,2669.0,0.1706915477497256,1822.0
